-- phpMyAdmin SQL Dump
-- version 4.9.1
-- https://www.phpmyadmin.net/
--
-- Servidor: localhost
-- Tiempo de generación: 31-07-2020 a las 18:10:39
-- Versión del servidor: 8.0.17
-- Versión de PHP: 7.3.10

SET SQL_MODE = "NO_AUTO_VALUE_ON_ZERO";
SET AUTOCOMMIT = 0;
START TRANSACTION;
SET time_zone = "+00:00";


/*!40101 SET @OLD_CHARACTER_SET_CLIENT=@@CHARACTER_SET_CLIENT */;
/*!40101 SET @OLD_CHARACTER_SET_RESULTS=@@CHARACTER_SET_RESULTS */;
/*!40101 SET @OLD_COLLATION_CONNECTION=@@COLLATION_CONNECTION */;
/*!40101 SET NAMES utf8mb4 */;

--
-- Base de datos: `bdoo_covid19`
--

DELIMITER $$
--
-- Procedimientos
--
CREATE DEFINER=`root`@`localhost` PROCEDURE `INSERTARCOVID19` (IN `IDENTIFICADOR_PAC1` INT(11), IN `CURP1` VARCHAR(20), IN `NOMBRE_PAC1` VARCHAR(40), IN `APELLIDOP1` VARCHAR(30), IN `APELLIDOM1` VARCHAR(30), IN `EDAD_PAC1` INT(2), IN `SEXO_PAC1` VARCHAR(15), IN `FECHA_NAC1` INT(4), IN `NUM_HIJOS1` INT(2), IN `ESTADO_CIV1` VARCHAR(15), IN `ESCOLARIDAD1` VARCHAR(40), IN `HR_TRABAJO1` VARCHAR(15), IN `OCUPACION1` VARCHAR(40), IN `RELIGION1` VARCHAR(40), IN `TEL_CAS1` INT(15), IN `TEL_MOV1` VARCHAR(20), IN `CORREO1` VARCHAR(100))  INSERT INTO `covid19mexico` (`IDENTIFICADOR_PAC`,`CURP`,`NOMBRE_PAC`,`APELLIDOP`,`APELLIDOM`,`EDAD_PAC`,`SEXO_PAC`,`FECHA_NAC`,`NUM_HIJOS`,`ESTADO_CIV`, `ESCOLARIDAD`, `HR_TRABAJO`, `OCUPACION`, `RELIGION`,`TEL_CAS`,`TEL_MOV`,`CORREO`) VALUES (NULL, CURP1, NOMBRE_PAC1, APELLIDOP1, APELLIDOM1, EDAD_PAC1, SEXO_PAC1, FECHA_NAC1, NUM_HIJOS1, ESTADO_CIV1, ESCOLARIDAD1, HR_TRABAJO1, OCUPACION1, RELIGION1, TEL_CAS1, TEL_MOV1, CORREO1)$$

CREATE DEFINER=`root`@`localhost` PROCEDURE `INSERTARDIREC` (IN `CLAVE_DIRECCION1` INT(11), IN `CALLE1` VARCHAR(50), IN `NUMERO_EXTERIOR1` VARCHAR(10), IN `CLAVE_MUNICIPIO1` VARCHAR(50), IN `CP1` INT(6), IN `CLAVE_COLONIA1` VARCHAR(50), IN `IDENTIFICADOR_PAC1` VARCHAR(30))  BEGIN

INSERT INTO `direccion_paciente` (`CLAVE_DIRECCION`, `CALLE`, `NUMERO_EXTERIOR`, `CLAVE_MUNICIPIO`, `CP`, `CLAVE_COLONIA`, `IDENTIFICADOR_PAC`) VALUES (NULL,CALLE1,NUMERO_EXTERIOR1,(SELECT CLAVE_MUNICIPIO FROM municipios WHERE municipios.MUNICIPIO=CLAVE_MUNICIPIO1 LIMIT 1),CP1,(SELECT CLAVE_COLONIA FROM colonia WHERE colonia.COLONIA_NOMBRE=CLAVE_COLONIA1 AND colonia.CP=CP1 LIMIT 1),(SELECT IDENTIFICADOR_PAC FROM covid19mexico WHERE CURP=IDENTIFICADOR_PAC1 LIMIT 1)) ;
END$$

CREATE DEFINER=`root`@`localhost` PROCEDURE `PRUEBA` (IN `NOM_COL` VARCHAR(100))  BEGIN
SELECT CLAVE_COLONIA FROM colonia WHERE colonia.COLONIA_NOMBRE=NOM_COL;
END$$

DELIMITER ;

-- --------------------------------------------------------

--
-- Estructura de tabla para la tabla `codigopostal`
--

CREATE TABLE `codigopostal` (
  `CP` int(6) NOT NULL,
  `CP_NOMBRE` varchar(20) CHARACTER SET utf8mb4 COLLATE utf8mb4_0900_ai_ci NOT NULL,
  `CLAVE_MUNICIPIO` int(4) DEFAULT NULL
) ENGINE=InnoDB DEFAULT CHARSET=utf8mb4 COLLATE=utf8mb4_0900_ai_ci;

--
-- Volcado de datos para la tabla `codigopostal`
--

INSERT INTO `codigopostal` (`CP`, `CP_NOMBRE`, `CLAVE_MUNICIPIO`) VALUES
(14050, '14050', 32),
(26540, '26540', 32),
(34406, '34406', 32),
(35680, '35680', 64),
(35690, '35690', 64),
(35693, '35693', 64),
(35694, '35694', 64),
(35695, '35695', 64),
(35696, '35696', 64),
(35697, '35697', 64),
(35698, '35698', 64),
(50000, '50000', 106),
(50010, '50010', 106),
(50016, '50016', 106),
(50017, '50017', 106),
(50018, '50018', 106),
(50019, '50019', 106),
(50020, '50020', 106),
(50026, '50026', 106),
(50040, '50040', 106),
(50050, '50050', 106),
(50060, '50060', 106),
(50069, '50069', 106),
(50070, '50070', 106),
(50071, '50071', 106),
(50075, '50075', 106),
(50080, '50080', 106),
(50090, '50090', 106),
(50100, '50100', 106),
(50103, '50103', 106),
(50110, '50110', 106),
(50115, '50115', 106),
(50120, '50120', 106),
(50122, '50122', 106),
(50123, '50123', 106),
(50130, '50130', 106),
(50140, '50140', 106),
(50150, '50150', 106),
(50160, '50160', 106),
(50168, '50168', 106),
(50170, '50170', 106),
(50180, '50180', 106),
(50190, '50190', 106),
(50200, '50200', 106),
(50205, '50205', 106),
(50206, '50206', 106),
(50209, '50209', 106),
(50210, '50210', 106),
(50214, '50214', 106),
(50220, '50220', 106),
(50223, '50223', 106),
(50225, '50225', 106),
(50226, '50226', 106),
(50227, '50227', 106),
(50228, '50228', 106),
(50230, '50230', 106),
(50233, '50233', 106),
(50235, '50235', 106),
(50236, '50236', 106),
(50240, '50240', 106),
(50245, '50245', 106),
(50246, '50246', 106),
(50250, '50250', 106),
(50253, '50253', 106),
(50254, '50254', 106),
(50255, '50255', 106),
(50256, '50256', 106),
(50257, '50257', 106),
(50258, '50258', 106),
(50260, '50260', 106),
(50263, '50263', 106),
(50264, '50264', 106),
(50265, '50265', 106),
(50266, '50266', 106),
(50270, '50270', 106),
(50273, '50273', 106),
(50274, '50274', 106),
(50280, '50280', 106),
(50283, '50283', 106),
(50284, '50284', 106),
(50285, '50285', 106),
(50286, '50286', 106),
(50290, '50290', 106),
(50293, '50293', 106),
(50294, '50294', 106),
(50295, '50295', 106),
(50300, '50300', 1),
(50302, '50302', 1),
(50303, '50303', 1),
(50304, '50304', 1),
(50305, '50305', 1),
(50306, '50306', 1),
(50307, '50307', 1),
(50308, '50308', 1),
(50312, '50312', 1),
(50313, '50313', 1),
(50314, '50314', 1),
(50315, '50315', 1),
(50316, '50316', 1),
(50317, '50317', 1),
(50318, '50318', 1),
(50319, '50319', 1),
(50320, '50320', 1),
(50322, '50322', 1),
(50323, '50323', 1),
(50324, '50324', 1),
(50325, '50325', 1),
(50326, '50326', 1),
(50327, '50327', 1),
(50328, '50328', 1),
(50329, '50329', 1),
(50330, '50330', 1),
(50333, '50333', 1),
(50334, '50334', 1),
(50335, '50335', 1),
(50336, '50336', 1),
(50337, '50337', 1),
(50338, '50338', 1),
(50339, '50339', 1),
(50340, '50340', 1),
(50343, '50343', 1),
(50344, '50344', 1),
(50345, '50345', 1),
(50346, '50346', 1),
(50347, '50347', 1),
(50348, '50348', 1),
(50349, '50349', 1),
(50354, '50354', 1),
(50355, '50355', 1),
(50356, '50356', 1),
(50357, '50357', 1),
(50358, '50358', 1),
(50359, '50359', 1),
(50360, '50360', 3),
(50364, '50364', 3),
(50365, '50365', 3),
(50367, '50367', 3),
(50370, '50370', 3),
(50371, '50371', 3),
(50372, '50372', 3),
(50373, '50373', 3),
(50376, '50376', 3),
(50380, '50380', 3),
(50381, '50381', 3),
(50384, '50384', 3),
(50385, '50385', 3),
(50386, '50386', 3),
(50387, '50387', 3),
(50400, '50400', 85),
(50410, '50410', 85),
(50413, '50413', 85),
(50414, '50414', 85),
(50415, '50415', 85),
(50420, '50420', 85),
(50423, '50423', 85),
(50424, '50424', 85),
(50425, '50425', 85),
(50430, '50430', 85),
(50433, '50433', 85),
(50434, '50434', 85),
(50435, '50435', 85),
(50440, '50440', 85),
(50443, '50443', 85),
(50444, '50444', 85),
(50445, '50445', 85),
(50446, '50446', 85),
(50447, '50447', 85),
(50450, '50450', 14),
(50453, '50453', 14),
(50454, '50454', 14),
(50459, '50459', 14),
(50460, '50460', 14),
(50462, '50462', 14),
(50469, '50469', 14),
(50480, '50480', 14),
(50500, '50500', 102),
(50503, '50503', 102),
(50504, '50504', 102),
(50505, '50505', 102),
(50507, '50507', 102),
(50508, '50508', 102),
(50509, '50509', 102),
(50510, '50510', 102),
(50520, '50520', 102),
(50523, '50523', 102),
(50524, '50524', 102),
(50525, '50525', 102),
(50526, '50526', 102),
(50527, '50527', 102),
(50528, '50528', 102),
(50540, '50540', 102),
(50550, '50550', 56),
(50559, '50559', 56),
(50570, '50570', 56),
(50580, '50580', 56),
(50582, '50582', 56),
(50583, '50583', 56),
(50590, '50590', 56),
(50600, '50600', 64),
(50613, '50613', 64),
(50626, '50626', 64),
(50640, '50640', 74),
(50653, '50653', 74),
(50654, '50654', 74),
(50655, '50655', 74),
(50656, '50656', 74),
(50660, '50660', 124),
(50663, '50663', 124),
(50664, '50664', 124),
(50665, '50665', 124),
(50666, '50666', 124),
(50667, '50667', 124),
(50668, '50668', 124),
(50670, '50670', 124),
(50673, '50673', 124),
(50674, '50674', 124),
(50675, '50675', 124),
(50676, '50676', 124),
(50677, '50677', 124),
(50678, '50678', 124),
(50680, '50680', 74),
(50683, '50683', 74),
(50684, '	50684', 74),
(50685, '50685', 74),
(50686, '50686', 74),
(50687, '50687', 74),
(50690, '50690', 74),
(50693, '50693', 74),
(50694, '50694', 74),
(50695, '50695', 74),
(50696, '50696', 74),
(50697, '50697', 74),
(50700, '50700', 48),
(50710, '50710', 48),
(50713, '50713', 48),
(50714, '50714', 48),
(50715, '50715', 48),
(50716, '50716', 48),
(50717, '50717', 48),
(50720, '50720', 48),
(50724, '50724', 48),
(50726, '50726', 48),
(50727, '50727', 48),
(50733, '50733', 48),
(50734, '50734', 48),
(50735, '50735', 48),
(50736, '50736', 48),
(50737, '50737', 48),
(50740, '50740', 42),
(50743, '50743', 42),
(50744, '50744', 42),
(50750, '50750', 42),
(50753, '50753', 42),
(50754, '50754', 42),
(50755, '50755', 42),
(50760, '50760', 42),
(50764, '50764', 42),
(50770, '50770', 42),
(50773, '50773', 42),
(50774, '50774', 42),
(50775, '50775', 42),
(50780, '50780', 42),
(50783, '50783', 42),
(50785, '50785', 42),
(50800, '50800', 47),
(50810, '50810', 47),
(50813, '50813', 47),
(50814, '50814', 47),
(50815, '50815', 47),
(50816, '50816', 47),
(50820, '50820', 47),
(50823, '50823', 47),
(50824, '50824', 47),
(50825, '50825', 47),
(50826, '50826', 47),
(50830, '50830', 47),
(50833, '50833', 47),
(50834, '50834', 47),
(50835, '50835', 47),
(50836, '50836', 47),
(50840, '50840', 47),
(50843, '50843', 47),
(50844, '50844', 47),
(50845, '50845', 47),
(50846, '50846', 47),
(50847, '50847', 47),
(50848, '50848', 47),
(50850, '50850', 87),
(50860, '50860', 87),
(50863, '50863', 87),
(50864, '50864', 87),
(50865, '50865', 87),
(50866, '50866', 87),
(50867, '50867', 87),
(50868, '50868', 87),
(50870, '50870', 87),
(50874, '50874', 87),
(50880, '50880', 87),
(50883, '50883', 87),
(50884, '50884', 87),
(50885, '50885', 87),
(50886, '50886', 87),
(50890, '50890', 87),
(50893, '50893', 87),
(50894, '50894', 87),
(50895, '50895', 87),
(50896, '50896', 87),
(50900, '50900', 5),
(50902, '50902', 5),
(50903, '50903', 5),
(50907, '50907', 5),
(50908, '50908', 5),
(50909, '50909', 5),
(50910, '50910', 5),
(50918, '50918', 5),
(50919, '50919', 5),
(50920, '50920', 5),
(50921, '50921', 5),
(50922, '50922', 5),
(50923, '50923', 5),
(50924, '50924', 5),
(50925, '50925', 5),
(50926, '50926', 5),
(50927, '50927', 5),
(50928, '50928', 5),
(50929, '50929', 5),
(50930, '50930', 5),
(50935, '50935', 5),
(50938, '50938', 5),
(50940, '50940', 5),
(50941, '50941', 5),
(50942, '50942', 5),
(50943, '50943', 5),
(50944, '50944', 5),
(50945, '50945', 5),
(50946, '50946', 5),
(50947, '50947', 5),
(50948, '50948', 5),
(50960, '50960', 114),
(50963, '50963', 114),
(50964, '50964', 114),
(50965, '50965', 114),
(50966, '50966', 114),
(50967, '50967', 114),
(50970, '50970', 114),
(50973, '50973', 114),
(50974, '50974', 114),
(50975, '50975', 114),
(50980, '50980', 114),
(50983, '50983', 114),
(50984, '50984', 114),
(50985, '50985', 114),
(50986, '50986', 114),
(50987, '50987', 114),
(50990, '50990', 114),
(50993, '50993', 114),
(50994, '50994', 114),
(50995, '50995', 114),
(50996, '50996', 114),
(50997, '50997', 114),
(51000, '51000', 111),
(51004, '51004', 111),
(51005, '51005', 111),
(51006, '51006', 111),
(51007, '51007', 111),
(51008, '51008', 111),
(51009, '51009', 111),
(51010, '51010', 111),
(51013, '51013', 111),
(51014, '51014', 111),
(51015, '51015', 111),
(51016, '51016', 111),
(51017, '51017', 111),
(51019, '51019', 111),
(51020, '51020', 111),
(51024, '51024', 111),
(51025, '51025', 111),
(51026, '51026', 111),
(51027, '51027', 111),
(51028, '51028', 111),
(51029, '51029', 111),
(51030, '51030', 32),
(51034, '51034', 32),
(51035, '51035', 32),
(51040, '51040', 32),
(51043, '51043', 32),
(51044, '51044', 32),
(51045, '51045', 32),
(51046, '51046', 32),
(51050, '51050', 32),
(51054, '51054', 32),
(51055, '51055', 32),
(51070, '51070', 41),
(51071, '51071', 41),
(51080, '51080', 41),
(51089, '51089', 41),
(51090, '51090', 41),
(51098, '51098', 41),
(51099, '51099', 41),
(51104, '51104', 78),
(51105, '51105', 78),
(51106, '51106', 78),
(51108, '51108', 78),
(51109, '51109', 78),
(51110, '51110', 78),
(51116, '51116', 78),
(51117, '51117', 78),
(51130, '51130', 66),
(51136, '51136', 66),
(51137, '51137', 66),
(51138, '51138', 66),
(51139, '51139', 66),
(51140, '51140', 66),
(51144, '51144', 66),
(51149, '51149', 66),
(51160, '51160', 116),
(51163, '51163', 116),
(51164, '51164', 116),
(51170, '51170', 116),
(51173, '51173', 116),
(51200, '51200', 110),
(51204, '51204', 110),
(51206, '51206', 110),
(51207, '51207', 110),
(51208, '51208', 110),
(51209, '51209', 110),
(51210, '51210', 110),
(51217, '51217', 110),
(51218, '51218', 110),
(51219, '51219', 110),
(51220, '51220', 110),
(51225, '51225', 110),
(51226, '51226', 110),
(51227, '51227', 110),
(51229, '51229', 110),
(51230, '51230', 110),
(51237, '51237', 110),
(51238, '51238', 110),
(51239, '51239', 110),
(51240, '51240', 110),
(51245, '51245', 110),
(51246, '51246', 110),
(51247, '51247', 110),
(51248, '51248', 110),
(51260, '51260', 7),
(51270, '51270', 7),
(51280, '51280', 7),
(51285, '51285', 7),
(51287, '51287', 7),
(51288, '51288', 7),
(51289, '51289', 7),
(51290, '51290', 7),
(51300, '51300', 86),
(51303, '51303', 86),
(51304, '51304', 86),
(51305, '51305', 86),
(51310, '51310', 86),
(51314, '51314', 86),
(51315, '51315', 86),
(51320, '51320', 86),
(51323, '51323', 86),
(51324, '51324', 86),
(51325, '51325', 86),
(51326, '51326', 86),
(51340, '51340', 86),
(51344, '51344', 86),
(51345, '51345', 86),
(51346, '51346', 86),
(51350, '51350', 118),
(51354, '51354', 118),
(51355, '51355', 118),
(51356, '51356', 118),
(51357, '51357', 118),
(51360, '51360', 118),
(51364, '51364', 118),
(51366, '51366', 118),
(51367, '51367', 118),
(51370, '51370', 118),
(51373, '51373', 118),
(51374, '51374', 118),
(51375, '51375', 118),
(51380, '51380', 118),
(51383, '51383', 118),
(51384, '51384', 118),
(51385, '51385', 118),
(51386, '51386', 118),
(51390, '51390', 118),
(51393, '51393', 118),
(51400, '51400', 82),
(51410, '51410', 82),
(51412, '51412', 82),
(51413, '51413', 82),
(51414, '51414', 82),
(51415, '51415', 82),
(51416, '51416', 82),
(51417, '51417', 82),
(51418, '51418', 82),
(51422, '51422', 82),
(51423, '51423', 82),
(51424, '51424', 82),
(51425, '51425', 82),
(51426, '51426', 82),
(51427, '51427', 82),
(51428, '51428', 82),
(51430, '51430', 82),
(51432, '51432', 82),
(51433, '51433', 82),
(51434, '51434', 82),
(51435, '51435', 82),
(51436, '51436', 82),
(51437, '51437', 82),
(51440, '51440', 123),
(51442, '51442', 123),
(51443, '51443', 123),
(51445, '51445', 123),
(51446, '51446', 123),
(51453, '51453', 123),
(51454, '51454', 123),
(51455, '51455', 123),
(51456, '51456', 123),
(51457, '51457', 123),
(51458, '51458', 123),
(51459, '51459', 123),
(51462, '51462', 123),
(51463, '51463', 123),
(51464, '51464', 123),
(51465, '51465', 123),
(51466, '51466', 123),
(51467, '51467', 123),
(51468, '51468', 123),
(51470, '51470', 77),
(51474, '51474', 77),
(51475, '51475', 77),
(51476, '51476', 77),
(51477, '51477', 77),
(51479, '51479', 77),
(51480, '51480', 77),
(51483, '51483', 77),
(51484, '51484', 77),
(51485, '51485', 77),
(51486, '51486', 77),
(51500, '51500', 8),
(51502, '51502', 8),
(51508, '51508', 8),
(51509, '51509', 8),
(51510, '51510', 8),
(51516, '51516', 8),
(51517, '51517', 8),
(51518, '51518', 8),
(51519, '51519', 8),
(51520, '51520', 8),
(51525, '51525', 8),
(51526, '51526', 8),
(51527, '51527', 8),
(51528, '51528', 8),
(51529, '51529', 8),
(51530, '51530', 8),
(51533, '51533', 8),
(51534, '51534', 8),
(51535, '51535', 8),
(51536, '51536', 8),
(51537, '51537', 8),
(51538, '51538', 8),
(51539, '51539', 8),
(51550, '51550', 105),
(51553, '51553', 105),
(51554, '51554', 105),
(51555, '51555', 105),
(51556, '51556', 105),
(51557, '51557', 105),
(51558, '51558', 105),
(51559, '51559', 105),
(51560, '51560', 105),
(51564, '51564', 105),
(51565, '51565', 105),
(51566, '51566', 105),
(51568, '51568', 105),
(51569, '51569', 105),
(51570, '51570', 105),
(51572, '51572', 105),
(51573, '51573', 105),
(51574, '51574', 105),
(51575, '51575', 105),
(51576, '51576', 105),
(51577, '51577', 105),
(51578, '51578', 105),
(51579, '51579', 105),
(51580, '51580', 105),
(51582, '51582', 105),
(51583, '51583', 105),
(51584, '51584', 105),
(51585, '51585', 105),
(51586, '51586', 105),
(51587, '51587', 105),
(51588, '51588', 105),
(51590, '51590', 105),
(51598, '51598', 105),
(51599, '51599', 105),
(51600, '51600', 80),
(51603, '51603', 80),
(51604, '51604', 80),
(51605, '51605', 80),
(51606, '51606', 80),
(51607, '51607', 80),
(51610, '51610', 80),
(51613, '51613', 80),
(51614, '51614', 80),
(51620, '51620', 80),
(51623, '51623', 80),
(51624, '51624', 80),
(51633, '51633', 80),
(51634, '51634', 80),
(51635, '51635', 80),
(51636, '51636', 80),
(51637, '51637', 80),
(51640, '51640', 80),
(51644, '51644', 80),
(51645, '51645', 80),
(51646, '51646', 80),
(51647, '51647', 80),
(51650, '51650', 80),
(51653, '51653', 80),
(51654, '51654', 80),
(51655, '51655', 80),
(51670, '51670', 97),
(51673, '51673', 97),
(51674, '51674', 97),
(51675, '51675', 97),
(51676, '51676', 97),
(51680, '51680', 97),
(51690, '51690', 97),
(51693, '51693', 97),
(51694, '51694', 97),
(51695, '51695', 97),
(51696, '51696', 97),
(51697, '51697', 97),
(51700, '51700', 21),
(51704, '51704', 21),
(51705, '51705', 21),
(51713, '51713', 21),
(51714, '51714', 21),
(51715, '51715', 21),
(51716, '51716', 21),
(51720, '51720', 21),
(51723, '51723', 21),
(51724, '51724', 21),
(51760, '51760', 113),
(51765, '51765', 113),
(51766, '51766', 113),
(51767, '51767', 113),
(51773, '51773', 113),
(51775, '51775', 113),
(51776, '51776', 113),
(51777, '51777', 113),
(51780, '51780', 113),
(51783, '51783', 113),
(51784, '51784', 113),
(51785, '51785', 113),
(51786, '51786', 113),
(51800, '51800', 117),
(51810, '51810', 117),
(51813, '51813', 117),
(51814, '51814', 117),
(51815, '51815', 117),
(51816, '51816', 117),
(51817, '51817', 117),
(51820, '51820', 117),
(51825, '51825', 117),
(51826, '51826', 117),
(51827, '51827', 117),
(51850, '51850', 117),
(51854, '51854', 117),
(51855, '51855', 117),
(51856, '51856', 117),
(51857, '51857', 117),
(51860, '51860', 4),
(51862, '51862', 4),
(51863, '51863', 4),
(51864, '51864', 4),
(51865, '51865', 4),
(51866, '51866', 4),
(51867, '51867', 4),
(51869, '51869', 4),
(51870, '51870', 4),
(51878, '51878', 4),
(51880, '51880', 4),
(51881, '51881', 4),
(51887, '51887', 4),
(51888, '51888', 4),
(51889, '51889', 4),
(51900, '51900', 40),
(51905, '51905', 40),
(51910, '51910', 40),
(51916, '51916', 40),
(51917, '51917', 40),
(51918, '51918', 40),
(51919, '51919', 40),
(51920, '51920', 40),
(51928, '51928', 40),
(51929, '51929', 40),
(51930, '51930', 40),
(51933, '51933', 40),
(51936, '51936', 40),
(51937, '51937', 40),
(51938, '51938', 40),
(51939, '51939', 40),
(51950, '51950', 107),
(51953, '51953', 107),
(51954, '51954', 107),
(51955, '51955', 107),
(51956, '51956', 107),
(51959, '51959', 107),
(51960, '51960', 107),
(51963, '51963', 107),
(51964, '51964', 107),
(51970, '51970', 107),
(51973, '51973', 107),
(51974, '51974', 107),
(51977, '51977', 107),
(51980, '51980', 119),
(51984, '51984', 119),
(51985, '51985', 119),
(51986, '51986', 119),
(51987, '51987', 119),
(51988, '51988', 119),
(51989, '51989', 119),
(51990, '51990', 119),
(51994, '51994', 119),
(51995, '51995', 119),
(51996, '51996', 119),
(51997, '51997', 119),
(52000, '52000', 51),
(52004, '52004', 51),
(52005, '52005', 51),
(52006, '52006', 51),
(52010, '52010', 51),
(52020, '52020', 51),
(52030, '52030', 51),
(52040, '52040', 51),
(52043, '52043', 51),
(52044, '52044', 51),
(52045, '52045', 51),
(52046, '52046', 51),
(52047, '52047', 51),
(52050, '52050', 51),
(52054, '52054', 51),
(52055, '52055', 51),
(52059, '52059', 51),
(52060, '52060', 115),
(52064, '52064', 115),
(52065, '52065', 115),
(52067, '52067', 115),
(52070, '52070', 115),
(52073, '52073', 115),
(52074, '52074', 115),
(52075, '52075', 115),
(52076, '52076', 115),
(52077, '52077', 115),
(52080, '52080', 67),
(52081, '52081', 67),
(52082, '52082', 67),
(52083, '52083', 67),
(52084, '52084', 67),
(52088, '52088', 67),
(52089, '52089', 67),
(52090, '52090', 67),
(52100, '52100', 76),
(52104, '52104', 76),
(52105, '52105', 76),
(52106, '52106', 76),
(52107, '52107', 76),
(52110, '52110', 76),
(52120, '52120', 76),
(52140, '52140', 54),
(52141, '52141', 54),
(52143, '52143', 54),
(52144, '52144', 54),
(52145, '52145', 54),
(52146, '52146', 54),
(52147, '52147', 54),
(52148, '52148', 54),
(52149, '52149', 54),
(52150, '52150', 54),
(52153, '52153', 54),
(52154, '52154', 54),
(52155, '52155', 54),
(52156, '52156', 54),
(52157, '52157', 54),
(52158, '52158', 54),
(52159, '52159', 54),
(52160, '52160', 54),
(52161, '52161', 54),
(52164, '52164', 54),
(52165, '52165', 54),
(52166, '52166', 54),
(52167, '52167', 54),
(52168, '52168', 54),
(52169, '52169', 54),
(52170, '52170', 54),
(52172, '52172', 54),
(52175, '52175', 54),
(52176, '52176', 54),
(52177, '52177', 54),
(52178, '52178', 54),
(52179, '52179', 54),
(52180, '52180', 55),
(52189, '52189', 55),
(52200, '52200', 18),
(52230, '52230', 18),
(52231, '52231', 18),
(52232, '52232', 18),
(52233, '52233', 18),
(52240, '52240', 27),
(52250, '52250', 27),
(52280, '52280', 73),
(52282, '52282', 73),
(52286, '52286', 73),
(52290, '52290', 73),
(52300, '52300', 90),
(52303, '52303', 90),
(52304, '52304', 90),
(52305, '52305', 90),
(52307, '52307', 90),
(52310, '52310', 90),
(52315, '52315', 90),
(52316, '52316', 90),
(52317, '52317', 90),
(52320, '52320', 90),
(52323, '52323', 90),
(52330, '52330', 90),
(52333, '52333', 90),
(52334, '52334', 90),
(52336, '52336', 90),
(52337, '52337', 90),
(52340, '52340', 90),
(52343, '52343', 90),
(52345, '52345', 90),
(52346, '52346', 90),
(52347, '52347', 90),
(52350, '52350', 90),
(52353, '52353', 90),
(52354, '52354', 90),
(52355, '52355', 90),
(52356, '52356', 90),
(52357, '52357', 90),
(52360, '52360', 123),
(52362, '52362', 123),
(52363, '52363', 123),
(52364, '52364', 123),
(52365, '52365', 123),
(52366, '52366', 123),
(52367, '52367', 123),
(52370, '52370', 49),
(52374, '52374', 49),
(52376, '52376', 49),
(52380, '52380', 49),
(52384, '52384', 49),
(52387, '52387', 49),
(52390, '52390', 49),
(52400, '52400', 88),
(52403, '52403', 88),
(52410, '52410', 88),
(52413, '52413', 88),
(52414, '52414', 88),
(52415, '52415', 88),
(52416, '52416', 88),
(52420, '52420', 88),
(52423, '52423', 88),
(52424, '52424', 88),
(52425, '52425', 88),
(52426, '52426', 88),
(52427, '52427', 88),
(52430, '52430', 88),
(52433, '52433', 88),
(52434, '52434', 88),
(52435, '52435', 88),
(52436, '52436', 88),
(52437, '52437', 88),
(52440, '52440', 52),
(52448, '52448', 52),
(52449, '52449', 52),
(52460, '52460', 52),
(52463, '52463', 52),
(52464, '52464', 52),
(52465, '52465', 52),
(52466, '52466', 52),
(52467, '52467', 52),
(52468, '52468', 52),
(52469, '52469', 52),
(52470, '52470', 52),
(52471, '52471', 52),
(52473, '52473', 52),
(52475, '52475', 52),
(52476, '52476', 52),
(52477, '52477', 52),
(52478, '52478', 52),
(52479, '52479', 52),
(52480, '52480', 63),
(52483, '52483', 63),
(52484, '52484', 63),
(52485, '52485', 63),
(52486, '52486', 63),
(52487, '52487', 63),
(52488, '52488', 63),
(52489, '52489', 63),
(52490, '52490', 63),
(52495, '52495', 63),
(52498, '52498', 63),
(52499, '52499', 63),
(52500, '52500', 12),
(52540, '52540', 6),
(52570, '52570', 98),
(52600, '52600', 101),
(52603, '52603', 101),
(52604, '52604', 101),
(52605, '52605', 101),
(52607, '52607', 101),
(52613, '52613', 101),
(52614, '52614', 101),
(52640, '52640', 101),
(52644, '52644', 101),
(52645, '52645', 101),
(52646, '52646', 101),
(52650, '52650', 101),
(52653, '52653', 101),
(52654, '52654', 101),
(52656, '52656', 101),
(52660, '52660', 101),
(52663, '52663', 101),
(52664, '52664', 101),
(52665, '52665', 101),
(52666, '52666', 101),
(52667, '52667', 101),
(52680, '52680', 43),
(52683, '52683', 43),
(52684, '52684', 43),
(52685, '52685', 43),
(52686, '52686', 43),
(52688, '52688', 43),
(52689, '52689', 43),
(52690, '52690', 43),
(52693, '52693', 43),
(52700, '52700', 19),
(52710, '52710', 19),
(52713, '52713', 19),
(52714, '52714', 19),
(52715, '52715', 19),
(52720, '52720', 19),
(52723, '52723', 19),
(52730, '52730', 19),
(52733, '52733', 19),
(52740, '52740', 62),
(52742, '52742', 62),
(52743, '52743', 62),
(52746, '52746', 62),
(52749, '52749', 62),
(52750, '52750', 62),
(52752, '52752', 62),
(52760, '52760', 37),
(52763, '52763', 37),
(52764, '52764', 37),
(52765, '52765', 37),
(52766, '52766', 37),
(52767, '52767', 37),
(52768, '52768', 37),
(52769, '52769', 37),
(52770, '52770', 37),
(52773, '52773', 37),
(52774, '52774', 37),
(52775, '52775', 37),
(52776, '52776', 37),
(52777, '52777', 37),
(52778, '52778', 37),
(52779, '52779', 37),
(52780, '52780', 37),
(52783, '52783', 37),
(52784, '52784', 37),
(52785, '52785', 37),
(52786, '52786', 37),
(52787, '52787', 37),
(52788, '52788', 37),
(52789, '52789', 37),
(52790, '52790', 37),
(52793, '52793', 37),
(52794, '52794', 37),
(52795, '52795', 37),
(52796, '52796', 37),
(52797, '52797', 37),
(52798, '52798', 37),
(52799, '52799', 37),
(52900, '52900', 13),
(52909, '52909', 13),
(52910, '52910', 13),
(52915, '52915', 13),
(52916, '52916', 13),
(52917, '52917', 13),
(52918, '52918', 13),
(52919, '52919', 13),
(52920, '52920', 13),
(52923, '52923', 13),
(52924, '52924', 13),
(52925, '52925', 13),
(52926, '52926', 13),
(52927, '52927', 13),
(52928, '52928', 13),
(52929, '52929', 13),
(52930, '52930', 13),
(52936, '52936', 13),
(52937, '52937', 13),
(52938, '52938', 13),
(52939, '52939', 13),
(52940, '52940', 13),
(52945, '52945', 13),
(52946, '52946', 13),
(52947, '52947', 13),
(52948, '52948', 13),
(52949, '52949', 13),
(52950, '52950', 13),
(52953, '52953', 13),
(52954, '52954', 13),
(52955, '52955', 13),
(52956, '52956', 13),
(52957, '52957', 13),
(52958, '52958', 13),
(52959, '52959', 13),
(52960, '52960', 13),
(52965, '52965', 13),
(52966, '52966', 13),
(52967, '52967', 13),
(52968, '52968', 13),
(52970, '52970', 13),
(52975, '52975', 13),
(52976, '52976', 13),
(52977, '52977', 13),
(52978, '52978', 13),
(52979, '52979', 13),
(52980, '52980', 13),
(52985, '52985', 13),
(52986, '52986', 13),
(52987, '52987', 13),
(52988, '52988', 13),
(52989, '52989', 13),
(52990, '52990', 13),
(52994, '52994', 13),
(52995, '52995', 13),
(52996, '52996', 13),
(52997, '52997', 13),
(52998, '52998', 13),
(53000, '53000', 57),
(53010, '53010', 57),
(53020, '53020', 57),
(53030, '53030', 57),
(53040, '53040', 57),
(53049, '53049', 57),
(53050, '53050', 57),
(53060, '53060', 57),
(53070, '53070', 57),
(53100, '53100', 57),
(53106, '53106', 57),
(53108, '53108', 57),
(53110, '53110', 57),
(53114, '53114', 57),
(53115, '53115', 57),
(53116, '53116', 57),
(53117, '53117', 57),
(53118, '53118', 57),
(53119, '53119', 57),
(53120, '53120', 57),
(53122, '53122', 57),
(53123, '53123', 57),
(53124, '53124', 57),
(53125, '53125', 57),
(53126, '53126', 57),
(53127, '53127', 57),
(53128, '53128', 57),
(53129, '53129', 57),
(53130, '53130', 57),
(53138, '53138', 57),
(53139, '53139', 57),
(53140, '53140', 57),
(53150, '53150', 57),
(53160, '53160', 57),
(53169, '53169', 57),
(53170, '53170', 57),
(53176, '53176', 57),
(53177, '53177', 57),
(53178, '53178', 57),
(53179, '53179', 57),
(53200, '53200', 57),
(53210, '53210', 57),
(53215, '53215', 57),
(53216, '53216', 57),
(53217, '53217', 57),
(53218, '53218', 57),
(53219, '53219', 57),
(53220, '53220', 57),
(53223, '53223', 57),
(53224, '53224', 57),
(53225, '53225', 57),
(53226, '53226', 57),
(53227, '53227', 57),
(53228, '53228', 57),
(53230, '53230', 57),
(53235, '53235', 57),
(53237, '53237', 57),
(53238, '53238', 57),
(53239, '53239', 57),
(53240, '53240', 57),
(53247, '53247', 57),
(53248, '53248', 57),
(53249, '53249', 57),
(53250, '53250', 57),
(53260, '53260', 57),
(53270, '53270', 57),
(53276, '53276', 57),
(53277, '53277', 57),
(53278, '53278', 57),
(53279, '53279', 57),
(53280, '53280', 57),
(53283, '53283', 57),
(53290, '53290', 57),
(53296, '53296', 57),
(53297, '53297', 57),
(53298, '53298', 57),
(53300, '53300', 57),
(53309, '53309', 57),
(53310, '53310', 57),
(53315, '53315', 57),
(53320, '53320', 57),
(53329, '53329', 57),
(53330, '53330', 57),
(53337, '53337', 57),
(53338, '53338', 57),
(53339, '53339', 57),
(53340, '53340', 57),
(53348, '53348', 57),
(53350, '53350', 57),
(53370, '53370', 57),
(53377, '53377', 57),
(53378, '53378', 57),
(53379, '53379', 57),
(53380, '53380', 57),
(53390, '53390', 57),
(53398, '53398', 57),
(53400, '53400', 57),
(53410, '53410', 57),
(53420, '53420', 57),
(53425, '53425', 57),
(53426, '53426', 57),
(53427, '53427', 57),
(53428, '53428', 57),
(53429, '53429', 57),
(53430, '53430', 57),
(53440, '53440', 57),
(53450, '53450', 57),
(53458, '53458', 57),
(53459, '53459', 57),
(53460, '53460', 57),
(53465, '53465', 57),
(53466, '53466', 57),
(53467, '53467', 57),
(53468, '53468', 57),
(53469, '53469', 57),
(53470, '53470', 57),
(53478, '53478', 57),
(53480, '53480', 57),
(53489, '53489', 57),
(53490, '53490', 57),
(53500, '53500', 57),
(53509, '53509', 57),
(53510, '53510', 57),
(53519, '53519', 57),
(53520, '53520', 57),
(53529, '53529', 57),
(53530, '53530', 57),
(53538, '53538', 57),
(53539, '53539', 57),
(53550, '53550', 57),
(53554, '53554', 57),
(53560, '53560', 57),
(53569, '53569', 57),
(53570, '53570', 57),
(53580, '53580', 57),
(53590, '53590', 57),
(53598, '53598', 57),
(53600, '53600', 57),
(53610, '53610', 57),
(53618, '53618', 57),
(53619, '53619', 57),
(53620, '53620', 57),
(53630, '53630', 57),
(53640, '53640', 57),
(53650, '53650', 57),
(53660, '53660', 57),
(53663, '53663', 57),
(53664, '53664', 57),
(53665, '53665', 57),
(53666, '53666', 57),
(53667, '53667', 57),
(53668, '53668', 57),
(53669, '53669', 57),
(53670, '53670', 57),
(53680, '53680', 57),
(53687, '53687', 57),
(53688, '53688', 57),
(53689, '53689', 57),
(53690, '53690', 57),
(53694, '53694', 57),
(53695, '53695', 57),
(53696, '53696', 57),
(53697, '53697', 57),
(53698, '53698', 57),
(53699, '53699', 57),
(53700, '53700', 57),
(53708, '53708', 57),
(53709, '53709', 57),
(53710, '53710', 57),
(53713, '53713', 57),
(53714, '53714', 57),
(53715, '53715', 57),
(53716, '53716', 57),
(53717, '53717', 57),
(53718, '53718', 57),
(53719, '53719', 57),
(53720, '53720', 57),
(53729, '53729', 57),
(53730, '53730', 57),
(53740, '53740', 57),
(53750, '53750', 57),
(53760, '53760', 57),
(53768, '53768', 57),
(53769, '53769', 57),
(53770, '53770', 57),
(53780, '53780', 57),
(53787, '53787', 57),
(53788, '53788', 57),
(53790, '53790', 57),
(53798, '53798', 57),
(53799, '53799', 57),
(53800, '53800', 57),
(53809, '53809', 57),
(53810, '53810', 57),
(53819, '53819', 57),
(53820, '53820', 57),
(53830, '53830', 57),
(53839, '53839', 57),
(53840, '53840', 57),
(53849, '53849', 57),
(53900, '53900', 57),
(53909, '53909', 57),
(53910, '53910', 57),
(53920, '53920', 57),
(53930, '53930', 57),
(53940, '53940', 57),
(53950, '53950', 57),
(53960, '53960', 57),
(53970, '53970', 57),
(53979, '53979', 57),
(54000, '54000', 104),
(54009, '54009', 104),
(54010, '54010', 104),
(54015, '54015', 104),
(54016, '54016', 104),
(54017, '54017', 104),
(54020, '54020', 104),
(54021, '54021', 104),
(54022, '54022', 104),
(54023, '54023', 104),
(54025, '54025', 104),
(54026, '54026', 104),
(54028, '54028', 104),
(54030, '54030', 104),
(54033, '54033', 104),
(54037, '54037', 104),
(54038, '54038', 104),
(54040, '54040', 104),
(54049, '54049', 104),
(54050, '54050', 104),
(54054, '54054', 104),
(54055, '54055', 104),
(54057, '54057', 104),
(54059, '54059', 104),
(54060, '54060', 104),
(54063, '54063', 104),
(54067, '54067', 104),
(54068, '54068', 104),
(54069, '54069', 104),
(54070, '54070', 104),
(54073, '54073', 104),
(54075, '54075', 104),
(54076, '54076', 104),
(54080, '54080', 104),
(54090, '54090', 104),
(54092, '54092', 104),
(54093, '54093', 104),
(54094, '54094', 104),
(54098, '54098', 104),
(54100, '54100', 104),
(54108, '54108', 104),
(54109, '54109', 104),
(54110, '54110', 104),
(54118, '54118', 104),
(54119, '54119', 104),
(54120, '54120', 104),
(54124, '54124', 104),
(54126, '54126', 104),
(54127, '54127', 104),
(54128, '54128', 104),
(54130, '54130', 104),
(54134, '54134', 104),
(54135, '54135', 104),
(54136, '54136', 104),
(54140, '54140', 104),
(54142, '54142', 104),
(54143, '54143', 104),
(54145, '54145', 104),
(54146, '54146', 104),
(54147, '54147', 104),
(54149, '54149', 104),
(54150, '54150', 104),
(54152, '54152', 104),
(54158, '54158', 104),
(54160, '54160', 104),
(54162, '54162', 104),
(54168, '54168', 104),
(54170, '54170', 104),
(54172, '54172', 104),
(54173, '54173', 104),
(54180, '54180', 104),
(54187, '54187', 104),
(54189, '54189', 104),
(54190, '54190', 104),
(54193, '54193', 104),
(54195, '54195', 104),
(54196, '54196', 104),
(54197, '54197', 104),
(54198, '54198', 104),
(54200, '54200', 71),
(54240, '54240', 45),
(54246, '54246', 45),
(54250, '54250', 45),
(54253, '54253', 45),
(54254, '54254', 45),
(54255, '54255', 45),
(54256, '54256', 45),
(54257, '54257', 45),
(54260, '54260', 45),
(54263, '54263', 45),
(54264, '54264', 45),
(54265, '54265', 45),
(54270, '54270', 45),
(54273, '54273', 45),
(54274, '54274', 45),
(54275, '54275', 45),
(54276, '54276', 45),
(54280, '54280', 79),
(54283, '54283', 79),
(54284, '54284', 79),
(54285, '54285', 79),
(54290, '54290', 79),
(54293, '54293', 79),
(54294, '54294', 79),
(54295, '54295', 79),
(54296, '54296', 79),
(54297, '54297', 79),
(54300, '54300', 112),
(54310, '54310', 112),
(54313, '54313', 112),
(54314, '54314', 112),
(54315, '54315', 112),
(54320, '54320', 112),
(54324, '54324', 112),
(54325, '54325', 112),
(54326, '54326', 112),
(54327, '54327', 112),
(54330, '54330', 112),
(54333, '54333', 112),
(54334, '54334', 112),
(54335, '54335', 112),
(54336, '54336', 112),
(54337, '54337', 112),
(54340, '54340', 112),
(54345, '54345', 112),
(54346, '54346', 112),
(54400, '54400', 60),
(54402, '54402', 60),
(54405, '54405', 60),
(54406, '54406', 60),
(54407, '54407', 60),
(54408, '54408', 60),
(54409, '54409', 60),
(54410, '54410', 60),
(54413, '54413', 60),
(54414, '54414', 60),
(54416, '54416', 60),
(54417, '54417', 60),
(54420, '54420', 60),
(54423, '54423', 60),
(54424, '54424', 60),
(54425, '54425', 60),
(54426, '54426', 60),
(54430, '54430', 60),
(54434, '54434', 60),
(54435, '54435', 60),
(54439, '54439', 60),
(54440, '54440', 60),
(54448, '54448', 60),
(54449, '54449', 60),
(54450, '54450', 60),
(54455, '54455', 60),
(54457, '54457', 60),
(54459, '54459', 60),
(54460, '54460', 60),
(54463, '54463', 60),
(54466, '54466', 60),
(54467, '54467', 60),
(54468, '54468', 60),
(54469, '54469', 60),
(54470, '54470', 60),
(54473, '54473', 60),
(54474, '54474', 60),
(54475, '54475', 60),
(54476, '54476', 60),
(54477, '54477', 60),
(54480, '54480', 38),
(54483, '54483', 38),
(54484, '54484', 38),
(54485, '54485', 38),
(54570, '54570', 46),
(54571, '54571', 46),
(54573, '54573', 46),
(54574, '54574', 46),
(54575, '54575', 46),
(54600, '54600', 95),
(54602, '54602', 95),
(54603, '54603', 95),
(54604, '54604', 95),
(54605, '54605', 95),
(54607, '54607', 95),
(54608, '54608', 95),
(54610, '54610', 95),
(54614, '54614', 95),
(54615, '54615', 95),
(54616, '54616', 95),
(54640, '54640', 95),
(54645, '54645', 95),
(54650, '54650', 95),
(54655, '54655', 95),
(54656, '54656', 95),
(54658, '54658', 95),
(54660, '54660', 23),
(54665, '54665', 23),
(54666, '54666', 23),
(54667, '54667', 23),
(54668, '54668', 23),
(54680, '54680', 35),
(54683, '54683', 35),
(54684, '54684', 35),
(54685, '54685', 35),
(54700, '54700', 121),
(54710, '54710', 121),
(54712, '54712', 121),
(54713, '54713', 121),
(54714, '54714', 121),
(54715, '54715', 121),
(54719, '54719', 121),
(54730, '54730', 121),
(54770, '54770', 91),
(54783, '54783', 91),
(54784, '54784', 91),
(54785, '54785', 91),
(54786, '54786', 91),
(54800, '54800', 24),
(54803, '54803', 24),
(54807, '54807', 24),
(54840, '54840', 24),
(54857, '54857', 24),
(54880, '54880', 53),
(54882, '54882', 53),
(54883, '54883', 53),
(54884, '54884', 53),
(54890, '54890', 53),
(54892, '54892', 53),
(54900, '54900', 109),
(54910, '54910', 109),
(54913, '54913', 109),
(54914, '54914', 109),
(54915, '54915', 109),
(54916, '54916', 109),
(54918, '54918', 109),
(54920, '54920', 109),
(54924, '54924', 109),
(54925, '54925', 109),
(54926, '54926', 109),
(54927, '54927', 109),
(54929, '54929', 109),
(54930, '54930', 109),
(54932, '54932', 109),
(54933, '54933', 109),
(54934, '54934', 109),
(54935, '54935', 109),
(54938, '54938', 109),
(54939, '54939', 109),
(54940, '54940', 109),
(54942, '54942', 109),
(54943, '54943', 109),
(54944, '54944', 109),
(54945, '54945', 109),
(54946, '54946', 109),
(54948, '54948', 109),
(54949, '54949', 109),
(54950, '54950', 109),
(54954, '54954', 109),
(54955, '54955', 109),
(54957, '54957', 109),
(54958, '54958', 109),
(54959, '54959', 109),
(54960, '54960', 108),
(54962, '54962', 108),
(54963, '54963', 108),
(54964, '54964', 108),
(54965, '54965', 108),
(54966, '54966', 108),
(54967, '54967', 108),
(54970, '54970', 108),
(54972, '54972', 108),
(54974, '54974', 108),
(54975, '54975', 108),
(54976, '54976', 108),
(54977, '54977', 108),
(54980, '54980', 108),
(54983, '54983', 108),
(54984, '54984', 108),
(54985, '54985', 108),
(54986, '54986', 108),
(54987, '54987', 108),
(54990, '54990', 108),
(55000, '55000', 33),
(55010, '55010', 33),
(55018, '55018', 33),
(55020, '55020', 33),
(55023, '55023', 33),
(55025, '55025', 33),
(55029, '55029', 33),
(55030, '55030', 33),
(55040, '55040', 33),
(55050, '55050', 33),
(55055, '55055', 33),
(55056, '55056', 33),
(55060, '55060', 33),
(55064, '55064', 33),
(55070, '55070', 33),
(55080, '55080', 33),
(55090, '55090', 33),
(55600, '55600', 120),
(55603, '55603', 120),
(55604, '55604', 120),
(55605, '55605', 120),
(55606, '55606', 120),
(55607, '55607', 120),
(55609, '55609', 120),
(55610, '55610', 120),
(55613, '55613', 120),
(55614, '55614', 120),
(55615, '55615', 120),
(55616, '55616', 120),
(55619, '55619', 120),
(55620, '55620', 120),
(55628, '55628', 120),
(55629, '55629', 120),
(55630, '55630', 120),
(55634, '55634', 120),
(55635, '55635', 120),
(55636, '55636', 120),
(55637, '55637', 120),
(55640, '55640', 120),
(55643, '55643', 120),
(55644, '55644', 120),
(55646, '55646', 120),
(55650, '55650', 96),
(55653, '55653', 96),
(55654, '55654', 96),
(55655, '55655', 96),
(55656, '55656', 96),
(55657, '55657', 96),
(55660, '55660', 10),
(55669, '55669', 10),
(55670, '55670', 36),
(55676, '55676', 36),
(55679, '55679', 36),
(55680, '55680', 36),
(55683, '55683', 36),
(55684, '55684', 36),
(55689, '55689', 36),
(55690, '55690', 36),
(55694, '55694', 36),
(55697, '55697', 36),
(55700, '55700', 20),
(55709, '55709', 20),
(55710, '55710', 20),
(55712, '55712', 20),
(55713, '55713', 20),
(55714, '55714', 20),
(55716, '55716', 20),
(55718, '55718', 20),
(55719, '55719', 20),
(55720, '55720', 20),
(55736, '55736', 20),
(55738, '55738', 20),
(55740, '55740', 81),
(55743, '55743', 81),
(55744, '55744', 81),
(55745, '55745', 81),
(55746, '55746', 81),
(55747, '55747', 81),
(55748, '55748', 81),
(55749, '55749', 81),
(55750, '55750', 81),
(55752, '55752', 81),
(55754, '55754', 81),
(55755, '55755', 81),
(55757, '55757', 81),
(55758, '55758', 81),
(55760, '55760', 81),
(55763, '55763', 81),
(55764, '55764', 81),
(55765, '55765', 81),
(55766, '55766', 81),
(55767, '55767', 81),
(55768, '55768', 81),
(55769, '55769', 81),
(55770, '55770', 81),
(55773, '55773', 81),
(55776, '55776', 81),
(55778, '55778', 81),
(55780, '55780', 44),
(55783, '55783', 44),
(55784, '55784', 44),
(55785, '55785', 125),
(55786, '55786', 125),
(55787, '55787', 125),
(55790, '55790', 59),
(55797, '55797', 59),
(55799, '55799', 59),
(55800, '55800', 92),
(55803, '55803', 92),
(55804, '55804', 92),
(55805, '55805', 92),
(55806, '55806', 92),
(55807, '55807', 92),
(55810, '55810', 92),
(55816, '55816', 92),
(55817, '55817', 92),
(55820, '55820', 92),
(55823, '55823', 92),
(55824, '55824', 92),
(55825, '55825', 92),
(55826, '55826', 92),
(55829, '55829', 92),
(55830, '55830', 92),
(55833, '55833', 92),
(55834, '55834', 92),
(55835, '55835', 92),
(55836, '55836', 92),
(55837, '55837', 92),
(55838, '55838', 92),
(55840, '55840', 92),
(55843, '55843', 92),
(55844, '55844', 92),
(55845, '55845', 92),
(55846, '55846', 92),
(55847, '55847', 92),
(55850, '55850', 75),
(55852, '55852', 75),
(55853, '55853', 75),
(55854, '55854', 75),
(55855, '55855', 75),
(55856, '55856', 75),
(55859, '55859', 75),
(55870, '55870', 2),
(55874, '55874', 2),
(55875, '55875', 2),
(55878, '55878', 2),
(55879, '55879', 2),
(55880, '55880', 2),
(55882, '55882', 2),
(55884, '55884', 2),
(55885, '55885', 2),
(55886, '55886', 2),
(55887, '55887', 2),
(55890, '55890', 2),
(55894, '55894', 2),
(55895, '55895', 2),
(55896, '55896', 2),
(55899, '55899', 2),
(55900, '55900', 65),
(55908, '55908', 65),
(55910, '55910', 65),
(55915, '55915', 65),
(55919, '55919', 65),
(55920, '55920', 65),
(55923, '55923', 23),
(55925, '55925', 65),
(55926, '55926', 65),
(55930, '55930', 65),
(55935, '55935', 65),
(55939, '55939', 65),
(55940, '55940', 16),
(55950, '55950', 16),
(55951, '55951', 16),
(55952, '55952', 16),
(55954, '55954', 16),
(55955, '55955', 16),
(55956, '55956', 16),
(55960, '55960', 16),
(55963, '55963', 16),
(55965, '55965', 16),
(55970, '55970', 61),
(55974, '55974', 61),
(55975, '55975', 61),
(55980, '55980', 84),
(55983, '55983', 84),
(55984, '55984', 84),
(55985, '55985', 84),
(55988, '55988', 84),
(55989, '55989', 84),
(55990, '55990', 84),
(55993, '55993', 84),
(55994, '55994', 84),
(55995, '55995', 84),
(55996, '55996', 84),
(55997, '55997', 84),
(55998, '55998', 84),
(56000, '56000', 100),
(56003, '56003', 100),
(56004, '56004', 100),
(56005, '56005', 100),
(56006, '56006', 100),
(56007, '56007', 100),
(56010, '56010', 100),
(56020, '56020', 100),
(56023, '56023', 100),
(56024, '56024', 100),
(56030, '56030', 28),
(56033, '56033', 28),
(56034, '56034', 28),
(56035, '56035', 28),
(56036, '56036', 28),
(56037, '56037', 28),
(56038, '56038', 28),
(56040, '56040', 28),
(56050, '56050', 69),
(56070, '56070', 93),
(56074, '56074', 93),
(56077, '56077', 93),
(56080, '56080', 93),
(56083, '56083', 93),
(56085, '56085', 93),
(56086, '56086', 93),
(56087, '56087', 93),
(56093, '56093', 93),
(56094, '56094', 93),
(56096, '56096', 93),
(56100, '56100', 99),
(56103, '56103', 99),
(56105, '56105', 99),
(56106, '56106', 99),
(56110, '56110', 99),
(56120, '56120', 99),
(56130, '56130', 99),
(56140, '56140', 99),
(56150, '56150', 99),
(56160, '56160', 99),
(56170, '56170', 99),
(56200, '56200', 99),
(56203, '56203', 99),
(56204, '56204', 99),
(56205, '56205', 99),
(56207, '56207', 99),
(56208, '56208', 99),
(56210, '56210', 99),
(56213, '56213', 99),
(56214, '56214', 99),
(56215, '56215', 99),
(56216, '56216', 99),
(56217, '56217', 99),
(56220, '56220', 99),
(56223, '56223', 99),
(56224, '56224', 99),
(56225, '56225', 99),
(56226, '56226', 99),
(56227, '56227', 99),
(56230, '56230', 99),
(56233, '56233', 99),
(56235, '56235', 99),
(56236, '56236', 99),
(56237, '56237', 99),
(56240, '56240', 99),
(56243, '56243', 99),
(56244, '56244', 99),
(56245, '56245', 99),
(56246, '56246', 99),
(56247, '56247', 99),
(56250, '56250', 99),
(56253, '56253', 99),
(56254, '56254', 99),
(56255, '56255', 99),
(56256, '56256', 99),
(56257, '56257', 99),
(56260, '56260', 99),
(56263, '56263', 99),
(56264, '56264', 99),
(56265, '56265', 99),
(56266, '56266', 99),
(56267, '56267', 99),
(56268, '56268', 99),
(56270, '56270', 30),
(56272, '56272', 30),
(56273, '56273', 30),
(56274, '56274', 30),
(56280, '56280', 30),
(56300, '56300', 11),
(56301, '56301', 11),
(56303, '56303', 11),
(56310, '56310', 11),
(56320, '56320', 11),
(56330, '56330', 31),
(56333, '56333', 31),
(56334, '56334', 31),
(56335, '56335', 31),
(56336, '56336', 31),
(56337, '56337', 31),
(56340, '56340', 31),
(56343, '56343', 31),
(56344, '56344', 31),
(56346, '56346', 31),
(56350, '56350', 31),
(56353, '56353', 31),
(56354, '56354', 31),
(56355, '56355', 31),
(56356, '56356', 31),
(56360, '56360', 31),
(56363, '56363', 31),
(56364, '56364', 31),
(56365, '56365', 31),
(56366, '56366', 31),
(56370, '56370', 29),
(56373, '56373', 29),
(56375, '56375', 29),
(56376, '56376', 29),
(56377, '56377', 29),
(56380, '56380', 29),
(56383, '56383', 29),
(56400, '56400', 70),
(56410, '56410', 70),
(56420, '56420', 70),
(56428, '56428', 70),
(56429, '56429', 70),
(56430, '56430', 70),
(56440, '56440', 70),
(56490, '56490', 70),
(56495, '56495', 70),
(56500, '56500', 70),
(56505, '56505', 70),
(56507, '56507', 70),
(56508, '56508', 70),
(56509, '56509', 70),
(56510, '56510', 70),
(56512, '56512', 70),
(56513, '56513', 70),
(56514, '56514', 70),
(56515, '56515', 70),
(56516, '56516', 70),
(56520, '56520', 70),
(56524, '56524', 70),
(56525, '56525', 70),
(56526, '56526', 70),
(56527, '56527', 70),
(56528, '56528', 70),
(56529, '56529', 70),
(56530, '56530', 39),
(56535, '56535', 39),
(56536, '56536', 39),
(56537, '56537', 39),
(56538, '56538', 39),
(56539, '56539', 39),
(56540, '56540', 39),
(56550, '56550', 39),
(56553, '56553', 39),
(56554, '56554', 39),
(56555, '56555', 39),
(56556, '56556', 39),
(56557, '56557', 39),
(56558, '56558', 39),
(56559, '56559', 39),
(56560, '56560', 39),
(56563, '56563', 39),
(56564, '56564', 39),
(56565, '56565', 39),
(56566, '56566', 39),
(56567, '56567', 39),
(56568, '56568', 39),
(56569, '56569', 39),
(56570, '56570', 39),
(56576, '56576', 39),
(56577, '56577', 39),
(56578, '56578', 39),
(56579, '56579', 39),
(56580, '56580', 39),
(56584, '56584', 39),
(56585, '56585', 39),
(56586, '56586', 39),
(56587, '56587', 39),
(56588, '56588', 39),
(56589, '56589', 39),
(56590, '56590', 39),
(56599, '56599', 39),
(56600, '56600', 25),
(56604, '56604', 25),
(56605, '56605', 25),
(56606, '56606', 25),
(56607, '56607', 25),
(56608, '56608', 25),
(56609, '56609', 25),
(56610, '56610', 122),
(56613, '56613', 122),
(56614, '56614', 25),
(56615, '56615', 122),
(56616, '56616', 122),
(56617, '56617', 122),
(56618, '56618', 122),
(56619, '56619', 122),
(56620, '56620', 25),
(56623, '56623', 25),
(56624, '56624', 25),
(56625, '56625', 25),
(56640, '56640', 25),
(56641, '56641', 25),
(56642, '56642', 25),
(56643, '56643', 25),
(56644, '56644', 25),
(56646, '56646', 25),
(56647, '56647', 25),
(56650, '56650', 83),
(56653, '56653', 83),
(56654, '56654', 83),
(56655, '56655', 83),
(56656, '56656', 83),
(56657, '56657', 83),
(56680, '56680', 22),
(56683, '56683', 22),
(56684, '56684', 22),
(56700, '56700', 103),
(56703, '56703', 103),
(56704, '56704', 103),
(56710, '56710', 103),
(56713, '56713', 103),
(56714, '56714', 103),
(56715, '56715', 103),
(56716, '56716', 103),
(56720, '56720', 103),
(56723, '56723', 103),
(56726, '56726', 103),
(56730, '56730', 103),
(56731, '56731', 103),
(56735, '56735', 103),
(56740, '56740', 103),
(56743, '56743', 103),
(56744, '56744', 103),
(56745, '56745', 103),
(56746, '56746', 103),
(56747, '56747', 103),
(56760, '56760', 17),
(56766, '56766', 17),
(56767, '56767', 17),
(56776, '56776', 17),
(56777, '56777', 17),
(56780, '56780', 89),
(56783, '56783', 89),
(56784, '56784', 89),
(56785, '56785', 89),
(56800, '56800', 68),
(56806, '56806', 68),
(56860, '56860', 50),
(56864, '56864', 50),
(56865, '56865', 50),
(56866, '56866', 50),
(56867, '56867', 50),
(56880, '56880', 94),
(56884, '56884', 94),
(56885, '56885', 94),
(56886, '56886', 94),
(56890, '56890', 94),
(56893, '56893', 94),
(56894, '56894', 94),
(56895, '56895', 94),
(56900, '56900', 9),
(56930, '56930', 9),
(56935, '56935', 9),
(56940, '56940', 9),
(56941, '56941', 9),
(56950, '56950', 9),
(56955, '56955', 9),
(56960, '56960', 9),
(56970, '56970', 15),
(56979, '56979', 15),
(56980, '56980', 15),
(56982, '56982', 15),
(56983, '56983', 15),
(56990, '56990', 34),
(56993, '56993', 34),
(56996, '56996', 34),
(56999, '56999', 34),
(57000, '57000', 58),
(57100, '57100', 58),
(57109, '57109', 58),
(57120, '57120', 58),
(57129, '57129', 58),
(57130, '57130', 58),
(57138, '57138', 58),
(57139, '57139', 58),
(57140, '57140', 58),
(57150, '57150', 58),
(57158, '57158', 58),
(57159, '57159', 58),
(57170, '57170', 58),
(57171, '57171', 58),
(57176, '57176', 58),
(57177, '57177', 58),
(57178, '57178', 58),
(57179, '57179', 58),
(57180, '57180', 58),
(57185, '57185', 58),
(57188, '57188', 58),
(57189, '57189', 58),
(57200, '57200', 58),
(57209, '57209', 58),
(57210, '57210', 58),
(57300, '57300', 58),
(57310, '57310', 58),
(57400, '57400', 58),
(57410, '57410', 58),
(57420, '57420', 58),
(57425, '57425', 58),
(57430, '57430', 58),
(57440, '57440', 58),
(57450, '57450', 58),
(57460, '57460', 58),
(57470, '57470', 58),
(57500, '57500', 58),
(57510, '57510', 58),
(57520, '57520', 58),
(57530, '57530', 58),
(57600, '57600', 58),
(57610, '57610', 58),
(57620, '57620', 58),
(57630, '57630', 58),
(57700, '57700', 58),
(57708, '57708', 58),
(57709, '57709', 58),
(57710, '57710', 58),
(57718, '57718', 58),
(57719, '57719', 58),
(57720, '57720', 58),
(57730, '57730', 58),
(57739, '57739', 58),
(57740, '57740', 58),
(57750, '57750', 58),
(57760, '57760', 58),
(57800, '57800', 58),
(57809, '57809', 58),
(57810, '57810', 58),
(57815, '57815', 58),
(57816, '57816', 58),
(57817, '57817', 58),
(57818, '57818', 58),
(57819, '57819', 58),
(57820, '57820', 58),
(57830, '57830', 58),
(57840, '57840', 58),
(57848, '57848', 58),
(57849, '57849', 58),
(57850, '57850', 58),
(57859, '57859', 58),
(57900, '57900', 58),
(57910, '57910', 58),
(57920, '57920', 58),
(57930, '57930', 58),
(57940, '57940', 58),
(57950, '57950', 58),
(74730, '74730', 28),
(74910, '74910', 23),
(74915, '74915', 23),
(74917, '74917', 23),
(75980, '75980', 32),
(93525, '93525', 32),
(94794, '94794', 32);

-- --------------------------------------------------------

--
-- Estructura de tabla para la tabla `colonia`
--

CREATE TABLE `colonia` (
  `CLAVE_COLONIA` int(11) NOT NULL,
  `COLONIA_NOMBRE` varchar(100) CHARACTER SET utf8mb4 COLLATE utf8mb4_0900_ai_ci NOT NULL,
  `CP` int(6) DEFAULT NULL
) ENGINE=InnoDB DEFAULT CHARSET=utf8mb4 COLLATE=utf8mb4_0900_ai_ci;

--
-- Volcado de datos para la tabla `colonia`
--

INSERT INTO `colonia` (`CLAVE_COLONIA`, `COLONIA_NOMBRE`, `CP`) VALUES
(1, 'Alfredo Baranda', 56610),
(2, 'Américas', 56610),
(3, 'Niños Héroes', 56610),
(4, 'San Miguel las Tablas', 56610),
(5, 'San Miguel Xico', 56613),
(6, 'Antorcha Valle de Chalco', 56614),
(7, 'Central de Abasto', 56614),
(8, 'Cerro del Marques', 56614),
(9, 'Ex-hacienda Xico', 56614),
(10, 'Real de San Martín', 56614),
(11, 'San Martín Xico La Laguna', 56614),
(12, 'Concepción', 56615),
(13, 'El Agostadero', 56615),
(14, 'María Isabel', 56615),
(15, 'Santiago', 56615),
(16, 'Guadalupana', 56616),
(17, 'Providencia', 56616),
(18, 'El Triunfo', 56617),
(19, 'Independencia', 56617),
(20, 'Jardín', 56617),
(21, 'San Isidro', 56617),
(22, 'Santa Cruz', 56617),
(23, 'Avándaro', 56618),
(24, 'Carlos Salinas de Gortari', 56618),
(25, 'Darío Martínez II Sección', 56618),
(26, 'Emiliano Zapata', 56618),
(27, 'Geovillas la Asunción', 56618),
(28, 'La Asunción', 56618),
(29, 'San Gregorio', 56618),
(30, 'San Juan Tlalpizahuac', 56618),
(31, 'Alfredo del Mazo', 56619),
(32, 'Ampliación Santa Catarina', 56619),
(33, 'Darío Martínez I Sección', 56619),
(34, 'Del Carmen', 56619),
(35, 'Santa Catarina', 56619),
(36, 'Bosques de Chalco I', 56600),
(37, 'Bosques de Chalco II', 56600),
(38, 'Campestre Santa Cruz', 56600),
(39, 'Casco de San Juan', 56600),
(40, 'Chalco de Díaz Covarrubias Centro', 56600),
(41, 'El Naranjo', 56600),
(42, 'Gonzalo López Cid', 56600),
(43, 'Granjas Chalco', 56600),
(44, 'Industrial Chalco', 56600),
(45, 'La Bomba', 56600),
(46, 'La Conchita', 56600),
(47, 'Las Huertas', 56600),
(48, 'Los Cipreses', 56600),
(49, 'Los Volcanes', 56600),
(50, 'Los Volcanes 2da. Sección', 56600),
(51, 'Marco Antonio Sosa', 56600),
(52, 'Margarita Córdoba Morán', 56600),
(53, 'Paseos de Chalco', 56600),
(54, 'Portal de Chalco', 56600),
(55, 'Punto Chalco', 56600),
(56, 'Rancho Amigo', 56600),
(57, 'San Antonio', 56600),
(58, 'San Francisco', 56600),
(59, 'San Sebastián', 56600),
(60, 'Villas de Chalco', 56600),
(61, 'Ejidal', 56604),
(62, 'Jacalones I', 56604),
(63, 'Jacalones II', 56604),
(64, 'Nueva San Miguel', 56604),
(65, 'Tres Marías', 56604),
(66, 'Agrarista', 56605),
(67, 'Agrarista Sector Alcanfores', 56605),
(68, 'Clara Córdoba Morán', 56605),
(69, 'El Paraíso', 56605),
(70, 'Fraternidad Antorchista', 56605),
(71, 'Humberto Vidal Mendoza', 56605),
(72, 'Nueva San Antonio', 56605),
(73, 'Nueva San Isidro', 56605),
(74, 'Unión de Guadalupe', 56606),
(75, '21 de Marzo', 56607),
(76, 'Covadonga', 56607),
(77, 'Culturas de México', 56607),
(78, 'Jardines de Chalco', 56607),
(79, 'Ampliación Emiliano Zapata', 56608),
(80, 'Emiliano Zapata', 56608),
(81, 'San Cristóbal', 56608),
(82, 'Santa Cruz Amalinalco', 56609),
(83, 'Capultitla', 56620),
(84, 'El Recodo de San José Axalco', 56620),
(85, 'Independencia', 56620),
(86, 'Jazmín de las Flores', 56620),
(87, 'Lomas de San Pablo', 56620),
(88, 'Michoacana', 56620),
(89, 'San José', 56620),
(90, 'San Pablo Atlazalpan', 56620),
(91, 'Santa Catarina Ayotzingo', 56623),
(92, 'Caserío de Cortés', 56624),
(93, 'Las Nieves', 56624),
(94, 'Pedregal Tezompa', 56624),
(95, 'San Juan Tezompa', 56624),
(96, 'Guadalupe', 56625),
(97, 'Independencia Chimalpa', 56625),
(98, 'San Lorenzo Chimalpa', 56625),
(99, 'San Martín Xico Nuevo', 56625),
(100, 'San Mateo Huitzilzingo', 56625),
(101, 'Los Álamos', 56640),
(102, 'San Gregorio Cuautzingo', 56640),
(103, 'Santa Ana (Predio San Juan)', 56640),
(104, 'Benito Juárez', 56641),
(105, 'Ex-hacienda de Guadalupe', 56641),
(106, 'La Candelaria Tlapala', 56641),
(107, 'Llano del Moral', 56641),
(108, 'San Lucas Amalinalco', 56642),
(109, 'La Chimenea', 56643),
(110, 'Los Hornos', 56643),
(111, 'San Buenaventura 7a Sección', 56643),
(112, 'San Marcos Huixtoco', 56643),
(113, 'Hacienda San Juan', 56644),
(114, 'Los Héroes Chalco', 56644),
(115, 'Los Héroes Chalco II', 56644),
(116, 'Los Héroes Chalco III', 56644),
(117, 'Pueblo Nuevo', 56644),
(118, 'San Martín Cuautlalpan', 56644),
(119, 'Villas de San Martín', 56644),
(120, 'Guadalupe de los Tepetates', 56646),
(121, 'Huixtomatitla (Tepalcates)', 56646),
(122, 'Santa María Huexoculco', 56646),
(123, 'Hacienda del Moral', 56647),
(124, 'San Mateo Tezoquipan Miraflores', 56647),
(125, 'La Asunción', 55786),
(126, 'Las Chinampas', 55785),
(127, 'San Juan Zacazontla', 55785),
(128, 'Santa María Tonanitla', 55785),
(129, 'Valle Verde', 55785),
(130, 'Villas de Santa María', 55785),
(131, 'Villas de Tonanitla', 55787),
(132, 'Colixtlahuacán', 51974),
(133, 'El Rincón', 51956),
(134, 'El Terrero', 51964),
(135, 'El Trapiche', 51956),
(136, 'El Zapote', 51970),
(137, 'La Audiencia', 51963),
(138, 'La Comunidad', 51954),
(139, 'La Puerta de Santiago', 51973),
(140, 'La Vega', 51977),
(141, 'Los Amates (San José de los Amates)', 51959),
(142, 'Ojo de Agua', 51974),
(143, 'Paso de San Juan', 51953),
(144, 'Portón de Sueño', 51950),
(145, 'Salinas', 51964),
(146, 'San Bartolo', 51963),
(147, 'San Felipe', 51950),
(148, 'San Gaspar', 51950),
(149, 'San Miguel', 51955),
(150, 'San Sebastián', 51950),
(151, 'Santa María Norte', 51950),
(152, 'Santa María Sur', 51950),
(153, 'Tlacopan', 51960),
(154, 'Tonatico', 51950),
(155, 'Adoberas', 54974),
(156, 'Amado Nervo', 54975),
(157, 'Ampliación La Piedad', 54965),
(158, 'Antigua', 54963),
(159, 'Arcos Tultepec', 54987),
(160, 'Cajiga (Ejido de Tultepec)', 54972),
(161, 'Centro', 54960),
(162, 'Diez de Junio', 54986),
(163, 'Ejido del Quemado', 54963),
(164, 'El Bosque Tultepec', 54984),
(165, 'El Carmen', 54960),
(166, 'El Cuquio', 54963),
(167, 'El Dorado', 54984),
(168, 'El Mirador', 54967),
(169, 'El Progreso (Villa Esmeralda)', 54972),
(170, 'El Tecompa', 54984),
(171, 'Emiquía', 54965),
(172, 'Fresnos', 54970),
(173, 'Guadalupe Tlazintla', 54966),
(174, 'Hacienda del Jardín', 54980),
(175, 'Hacienda Real de Tultepec', 54987),
(176, 'INFONAVIT C.T.M. San Pablo Tultepec', 54985),
(177, 'Jardines de Santa Cruz', 54965),
(178, 'La Aurora', 54972),
(179, 'La Cantera', 54964),
(180, 'La Cañada', 54965),
(181, 'La Joya', 54972),
(182, 'La Manzana', 54980),
(183, 'La Mitra', 54984),
(184, 'La Morita', 54965),
(185, 'La Palma', 54967),
(186, 'La Piedad', 54965),
(187, 'La Rinconada', 54974),
(188, 'La Saucera', 54977),
(189, 'Las Brisas', 54970),
(190, 'Lomas de Tultepec', 54970),
(191, 'México', 54965),
(192, 'Nodín', 54963),
(193, 'Oxtoc', 54964),
(194, 'Paseos de Tultepec I', 54984),
(195, 'Paseos de Tultepec II', 54984),
(196, 'San Antonio el Cuadro', 54963),
(197, 'San Antonio Xahuento', 54976),
(198, 'San Joaquín', 54963),
(199, 'San Juan Xocotla', 54960),
(200, 'San Marcos', 54970),
(201, 'San Martín El Calvario', 54963),
(202, 'San Miguel Otlica', 54964),
(203, 'San Pablito (Paraje San Pablito)', 54983),
(204, 'San Pablo Otlica', 54962),
(205, 'San Rafael Ixtlahuaca', 54960),
(206, 'Santa Isabel Nepantla', 54964),
(207, 'Santa Rita', 54965),
(208, 'Santiago Teyahualco', 54980),
(209, 'Tepetlixco', 54965),
(210, 'Teyahualco', 54990),
(211, 'Tlamelaca', 54962),
(212, 'Trigotenco', 54962),
(213, 'Vicente Suárez', 54970),
(214, 'Villas de Loreto', 54980),
(215, 'Xacopinca', 54962),
(216, 'Alborada I', 54929),
(217, 'Alborada II', 54935),
(218, 'Ampliación Buenavista', 54955),
(219, 'Ampliación Buenavista 1ra. Sección', 54955),
(220, 'Ampliación Buenavista 2da. Sección', 54955),
(221, 'Ampliación COCEM', 54913),
(222, 'Ampliación El Fresno', 54944),
(223, 'Ampliación El Tesoro', 54957),
(224, 'Ampliación La Sardaña', 54958),
(225, 'Ampliación Las Torres Segunda Sección', 54942),
(226, 'Ampliación San Marcos', 54954),
(227, 'Ampliación San Pablo de las Salinas', 54938),
(228, 'Arbolada la Loma', 54944),
(229, 'Arboledas (lote 49)', 54938),
(230, 'Arcos I', 54938),
(231, 'Arcos II', 54938),
(232, 'Arcos III', 54938),
(233, 'Arcos IV', 54938),
(234, 'Arcos V', 54938),
(235, 'Arcos VI', 54938),
(236, 'Azul Cielo', 54933),
(237, 'Belém', 54900),
(238, 'Bello Horizonte', 54948),
(239, 'Benito Juárez', 54942),
(240, 'Bonito Tultitlán (lote 60)', 54938),
(241, 'Bosques de Tultitlán', 54913),
(242, 'Buenavista', 54944),
(243, 'Buenavista Parte Alta', 54944),
(244, 'Buenavista Parte Baja', 54944),
(245, 'Cartagena', 54918),
(246, 'Casas Alfa', 54935),
(247, 'Casitas San Pablo', 54935),
(248, 'Central de Abastos', 54910),
(249, 'Ciudad Labor', 54943),
(250, 'COCEM', 54913),
(251, 'Conjunto Brillante', 54949),
(252, 'Conjunto Cristal', 54924),
(253, 'Conjunto Fortuna', 54932),
(254, 'Conjunto San Pablo', 54935),
(255, 'Conjunto Urbano La Loma', 54944),
(256, 'Corredor Lechería-Cuautitlán', 54940),
(257, 'Corredor López Portillo', 54959),
(258, 'Coyoli Martínez', 54933),
(259, 'El Alcázar', 54938),
(260, 'El Campanario', 54933),
(261, 'El Cueyamil', 54918),
(262, 'El Faro (Lote 3 Pte.)', 54935),
(263, 'El Fresno', 54944),
(264, 'El Golfo', 54944),
(265, 'El Kiosco', 54924),
(266, 'El Laurel', 54938),
(267, 'El Obelisco', 54915),
(268, 'El Paraje', 54959),
(269, 'El Rocío', 54934),
(270, 'El Tesoro', 54957),
(271, 'Emilio Chuayffet', 54927),
(272, 'Estado de México', 54945),
(273, 'Estepas', 54926),
(274, 'Estrella de Tultitlán (Lote 55 Pte.)', 54920),
(275, 'Ferrocarrilera', 54946),
(276, 'FIMESA I (El Paraje)', 54959),
(277, 'FIMESA II (Ampliación la Sardaña)', 54958),
(278, 'Fuentes del Valle', 54910),
(279, 'Galaxias Tultitlán', 54926),
(280, 'Granjas San Pablo', 54930),
(281, 'Gustavo Baz', 54934),
(282, 'Hacienda San Pablo', 54925),
(283, 'Hogares de Castera', 54920),
(284, 'Hogares de Castera Lote 73', 54927),
(285, 'IMMEX II', 54932),
(286, 'Independencia', 54915),
(287, 'Independencia', 54915),
(288, 'Isidro Fabela', 54932),
(289, 'Izcalli del Valle', 54945),
(290, 'Izcalli Rinconada', 54930),
(291, 'Izcalli San Pablo', 54933),
(292, 'Jardines de la Cañada', 54958),
(293, 'Jardines de los Claustros I', 54935),
(294, 'Jardines de los Claustros II', 54935),
(295, 'Jardines de los Claustros III', 54920),
(296, 'Jardines de los Claustros IV', 54930),
(297, 'Jardines de los Claustros V', 54930),
(298, 'Jardines de los Claustros VI', 54929),
(299, 'Jardines de San Pablo', 54933),
(300, 'Jardines de Tultitlán', 54910),
(301, 'La Alborada Vallas', 54929),
(302, 'La Concepción', 54900),
(303, 'La Granja', 54930),
(304, 'La Isla', 54935),
(305, 'La Joya', 54944),
(306, 'La Libertad', 54942),
(307, 'La Loma I', 54944),
(308, 'La Loma II', 54944),
(309, 'La Loma III', 54944),
(310, 'La Mariscala', 54910),
(311, 'La Ponderosa', 54910),
(312, 'La Sardaña', 54950),
(313, 'Las Almenas', 54935),
(314, 'Las Calderas', 54935),
(315, 'Las Chinampas', 54935),
(316, 'Las Fuentes', 54935),
(317, 'Las Granjas', 54930),
(318, 'Las Manzanas', 54925),
(319, 'Las Torres I', 54942),
(320, 'Las Tórtolas', 54927),
(321, 'Lava 46', 54935),
(322, 'Lázaro Cárdenas (Zona Hornos)', 54916),
(323, 'Lechería', 54940),
(324, 'Llanura Verde', 54930),
(325, 'Llanuras', 54924),
(326, 'Lomas de Cartagena', 54958),
(327, 'Lomas de San Pablo', 54930),
(328, 'Lomas del Parque I', 54958),
(329, 'Lomas del Parque II', 54958),
(330, 'Lomas del Parque III', 54958),
(331, 'Los Agaves (Lote 71)', 54926),
(332, 'Los Agaves Tultitlán', 54910),
(333, 'Los Portales', 54910),
(334, 'Los Reyes', 54915),
(335, 'Los Reyes', 54900),
(336, 'Los Sauces', 54949),
(337, 'Los Tulipanes', 54958),
(338, 'Lote 104 (Tehuantepec)', 54924),
(339, 'Lote 105 (Ébano)', 54932),
(340, 'Lote 12 (Crepúsculo)', 54929),
(341, 'Lote 41 (El Carmen)', 54927),
(342, 'Lote 46 (El Reloj Villas)', 54938),
(343, 'Lote 47 (El Reloj Residencial)', 54938),
(344, 'Lote 48 (El Reloj Cronos)', 54938),
(345, 'Lote 50 A', 54938),
(346, 'Lote 50 B (Las Laderas)', 54938),
(347, 'Lote 50 C (Real De Tultitlán)', 54938),
(348, 'Lote 50 D', 54938),
(349, 'Lote 52 (Torres Tultitlán)', 54935),
(350, 'Lote 55 (Los Tejados)', 54926),
(351, 'Lote 59 (Torres del Reloj)', 54938),
(352, 'Lote 62 (Juan Rulfo)', 54938),
(353, 'Lote 63 Conjunto Pilares', 54938),
(354, 'Lote 64 (Octavio Paz)', 54938),
(355, 'Lote 76 (El Reloj)', 54938),
(356, 'Lote 82 (Guillermo González C.)', 54935),
(357, 'Lote 84 (Las Adelas)', 54935),
(358, 'Lote 92 (Las Rosas)', 54930),
(359, 'Lote 93 (Amalia)', 54933),
(360, 'Magnolias', 54932),
(361, 'Magnolias 2000', 54932),
(362, 'Mariano Escobedo', 54946),
(363, 'Mariano Escobedo (los Faroles)', 54927),
(364, 'Mayorazgo de Tultitlán', 54949),
(365, 'Nativitas', 54900),
(366, 'Nueva Tultitlán', 54945),
(367, 'Nuevo INFONAVIT', 54929),
(368, 'Ojo de Agua Primera Sección', 54943),
(369, 'Ojo de Agua Segunda Sección', 54943),
(370, 'Paraje San Pablito', 54939),
(371, 'Parque de San Pablo', 54933),
(372, 'Pensamientos', 54930),
(373, 'Plaza Arbolada la Loma', 54944),
(374, 'Plaza Jardines', 54933),
(375, 'Portal San Pablo', 54935),
(376, 'Portal San Pablo II', 54935),
(377, 'Porto Alegre', 54915),
(378, 'Prados A', 54934),
(379, 'Prados B', 54925),
(380, 'Privada los Prados', 54930),
(381, 'Quinta el Ángel', 54913),
(382, 'Quintas San Pablo', 54930),
(383, 'Real del Bosque', 54948),
(384, 'Recursos Hidráulicos', 54913),
(385, 'Residencial del Sol', 54913),
(386, 'Residencial La Esperanza', 54933),
(387, 'Residencial los Reyes', 54900),
(388, 'Residencial Magnolias', 54932),
(389, 'Residencial Morelos', 54935),
(390, 'Residencial San Pablo II', 54932),
(391, 'Rincón Colonial', 54915),
(392, 'Rinconada San Marcos', 54954),
(393, 'San Antonio Tultitán', 54948),
(394, 'San Bartolo', 54900),
(395, 'San Francisco Chilpan', 54944),
(396, 'San Juan', 54900),
(397, 'San Mateo Cuautepec', 54948),
(398, 'San Mateo Cuautepec', 54948),
(399, 'San Pablo Castera II', 54920),
(400, 'San Pablo de las Salinas', 54930),
(401, 'San Pablo de las Salinas', 54930),
(402, 'San Pablo III-A', 54932),
(403, 'San Pablo III-B', 54932),
(404, 'Santa Clara', 54944),
(405, 'Santa María Cuautepec', 54949),
(406, 'Santa María Cuautepec', 54949),
(407, 'Santiaguito', 54900),
(408, 'Sierra de Guadalupe', 54957),
(409, 'Sol de Tultitlán (Zona Oriente)', 54913),
(410, 'Solar San Pablo', 54930),
(411, 'Solidaridad 1ra. Sección', 54948),
(412, 'Solidaridad 2da. Sección', 54948),
(413, 'Solidaridad 3ra. Sección', 54948),
(414, 'Solidaridad Social (Lote 105)', 54930),
(415, 'Sustitución Arista', 54926),
(416, 'Tultitlán', 54918),
(417, 'Tultitlán de Mariano Escobedo Centro', 54900),
(418, 'Unidad Electricistas', 54914),
(419, 'Unidad Morelos 2da. Sección', 54930),
(420, 'Unidad Morelos 3ra. Sección', 54935),
(421, 'Unidad Morelos 3ra. Sección INFONAVIT', 54929),
(422, 'Valle de Tules', 54945),
(423, 'Valle Verde', 54945),
(424, 'Verde Claro', 54933),
(425, 'Villa Esmeralda', 54910),
(426, 'Villas de San Francisco Chilpan', 54944),
(427, 'Villas de San Francisco II', 54944),
(428, 'Villas de San José', 54910),
(429, 'Villas de San Pablo', 54932),
(430, 'Villas Jardín', 54913),
(431, 'Villas Loreto', 54929),
(432, 'Villas San Pablo (Lote 117 Sur)', 54932),
(433, 'Villas Santa Teresita', 54938),
(434, 'Villas Tultitlán (Lote 65)', 54938),
(435, 'Agua Fría', 51200),
(436, 'Atesquelites', 51246),
(437, 'Avándaro', 51200),
(438, 'Barranca Seca', 51200),
(439, 'Casas Viejas', 51226),
(440, 'Cerro Colorado', 51220),
(441, 'Cerro Gordo', 51239),
(442, 'Colorines', 51230),
(443, 'Cuadrilla de Dolores', 51225),
(444, 'El Arco', 51217),
(445, 'El Calvario', 51200),
(446, 'El Cerrillo', 51206),
(447, 'El Durazno', 51230),
(448, 'El Fresno (El Fresno la Compañía)', 51248),
(449, 'El Manzano', 51237),
(450, 'El Polvorin', 51230),
(451, 'Emiliano Zapata', 51200),
(452, 'Godínez Tehuastepec', 51245),
(453, 'ISSEMYM', 51200),
(454, 'La Candelaria', 51208),
(455, 'La Capilla', 51200),
(456, 'La Laguna', 51247),
(457, 'La Peña', 51200),
(458, 'La Volanta', 51226),
(459, 'Loma Bonita', 51200),
(460, 'Loma Bonita', 51230),
(461, 'Los Pozos (Pinar de Osorios)', 51238),
(462, 'Los Saúcos', 51200),
(463, 'Manguito', 51200),
(464, 'Mesa de Dolores Primera Sección (Mesa del Rayo)', 51246),
(465, 'Mesa de Jaimes', 51229),
(466, 'Mesa Rica', 51238),
(467, 'Monte Alto', 51229),
(468, 'Otumba', 51204),
(469, 'Peña Blanca', 51227),
(470, 'Rincón de Estradas', 51207),
(471, 'Rincón Villa del Valle', 51200),
(472, 'San Antonio', 51200),
(473, 'San Gabriel Ixtla', 51219),
(474, 'San Gaspar', 51217),
(475, 'San José Potrerillos (Potrerillos)', 51238),
(476, 'San Juan Atezcapan', 51230),
(477, 'San Nicolás Tolentino', 51230),
(478, 'San Simón el Alto', 51240),
(479, 'Sánchez', 51200),
(480, 'Santa Magdalena Tiloxtoc', 51218),
(481, 'Santa María Ahuacatlan', 51200),
(482, 'Santa María Pipioltepec (Pipioltepec)', 51209),
(483, 'Santa Teresa Tiloxtoc', 51210),
(484, 'Santo Tomás el Pedregal', 51247),
(485, 'Tenantongo', 51248),
(486, 'Tierra Grande (La Loma)', 51247),
(487, 'Tres Puentes', 51207),
(488, 'Valle de Bravo', 51200),
(489, 'Barrio Chiquichuca', 51007),
(490, 'Barrio de Santiago', 51009),
(491, 'Barrio el Boncho', 51013),
(492, 'Barrio el Salto', 51014),
(493, 'Barrio la Joya', 51013),
(494, 'Barrio los Pozos', 51016),
(495, 'Barrio los Tules', 51014),
(496, 'Batán Chico', 51004),
(497, 'Bosencheve', 51016),
(498, 'Buenavista 23', 51016),
(499, 'Cabecera de Indígenas', 51000),
(500, 'Casa Blanca', 51004),
(501, 'Cerro de Guadalupe', 51027),
(502, 'Cuesta del Carmen', 51019),
(503, 'El Aventurero', 51007),
(504, 'El Chirimoyo', 51007),
(505, 'El Cinco', 51016),
(506, 'El Jacal', 51015),
(507, 'El Potrero', 51007),
(508, 'El Puerto Lengua de Vaca', 51019),
(509, 'Filiberto Gómez', 51028),
(510, 'La Peña', 51005),
(511, 'La Piedra', 51019),
(512, 'La Sabana de San Jerónimo', 51027),
(513, 'Las Casitas', 51013),
(514, 'Las Dalias', 51016),
(515, 'Loma Bonita', 51005),
(516, 'Loma Chica', 51005),
(517, 'Loma de Juárez', 51010),
(518, 'Loma de San Pablo', 51005),
(519, 'Los Berros', 51029),
(520, 'Los Hoyos', 51004),
(521, 'Macia', 51019),
(522, 'Manzana de Cashte', 51008),
(523, 'Manzana de Chichicaishle', 51016),
(524, 'Manzana del Puerto', 51004),
(525, 'Manzana la Pera', 51029),
(526, 'Manzana los Colchones', 51006),
(527, 'Mesa Chica', 51005),
(528, 'Mesas de San Jerónimo', 51007),
(529, 'Mesas de San Juan Buenavista', 51019),
(530, 'Mesas de San Martín', 51025),
(531, 'Mesas de Zacango', 51024),
(532, 'Mesas del Clarín', 51019),
(533, 'Monte Alto', 51024),
(534, 'Morelos', 51027),
(535, 'Sabana de la Peña', 51027),
(536, 'Sabana de San Jerónimo', 51026),
(537, 'Sabana de Taborda 1ra Sección', 51026),
(538, 'Sabana de Taborda 2da Sección', 51026),
(539, 'Sabana del Madroño', 51028),
(540, 'Sabana del Refugio', 51028),
(541, 'Sabana el Rosario', 51025),
(542, 'Salitre del Cerro', 51015),
(543, 'San Agustín Berros el Salto', 51029),
(544, 'San Cayetano', 51024),
(545, 'San Felipe Santiago', 51020),
(546, 'San Francisco de Asís', 51013),
(547, 'San Ildefonso', 51008),
(548, 'San Isidro', 51015),
(549, 'San Jerónimo Totoltepec', 51007),
(550, 'San Juan', 51006),
(551, 'San Juan Buenavista', 51019),
(552, 'San Martín', 51027),
(553, 'San Miguel', 51009),
(554, 'San Miguel la Máquina', 51017),
(555, 'San Pablo Malacatepec', 51005),
(556, 'Santa Cruz', 51017),
(557, 'Santa Cruz, San Jerónimo Totoltepec', 51007),
(558, 'Santa María de las Delicias', 51009),
(559, 'Santa Teresa', 51005),
(560, 'Soledad del Salitre', 51015),
(561, 'Vare Chiquichuca', 51004),
(562, 'Villa de Allende', 51000),
(563, 'Bocanegra', 54313),
(564, 'Club Campestre Villa del Actor', 54314),
(565, 'El Águila', 54346),
(566, 'El Arenal', 54324),
(567, 'El Cerrito', 54346),
(568, 'El Ocotal', 54330),
(569, 'El Palomar', 54324),
(570, 'El Plan Villa', 54315),
(571, 'El Plan Zacapexco', 54313),
(572, 'La Arrastradera', 54320),
(573, 'La Bellota', 54314),
(574, 'La Cañada', 54320),
(575, 'La Capilla', 54313),
(576, 'La Centinela', 54333),
(577, 'La Cienega', 54333),
(578, 'La Cruz del Arenal', 54334),
(579, 'La Cruz y Carrizal', 54324),
(580, 'La Escalera', 54326),
(581, 'La Esperanza', 54346),
(582, 'Las Moras', 54326),
(583, 'Las Vigas', 54337),
(584, 'Llano de Zacapexco', 54330),
(585, 'Llano Grande', 54346),
(586, 'Loma Alta', 54333),
(587, 'Loma Alta Taxhimay', 54324),
(588, 'Loma de Don Juan', 54333),
(589, 'Loma de la Hacienda', 54313),
(590, 'Loma de Trojes', 54333),
(591, 'Los Arana', 54345),
(592, 'Los Barbechos', 54337),
(593, 'Los Domínguez', 54313),
(594, 'Los Gutiérrez', 54314),
(595, 'Los Madroños', 54327),
(596, 'Los Oratorios', 54326),
(597, 'Los Rueda', 54337),
(598, 'Magisterial', 54314),
(599, 'Molinitos (Comunidad de los Molinitos)', 54335),
(600, 'Monte de Peña', 54315),
(601, 'Palo Hueco (Kilómetro 5)', 54313),
(602, 'Piequexhimo', 54336),
(603, 'Platitos', 54333),
(604, 'Potrero Largo (Villa del Potrero)', 54326),
(605, 'Pueblo Nuevo', 54340),
(606, 'San Isidro del Bosque', 54337),
(607, 'San Jeronimo Zacapexco', 54310),
(608, 'San Lucas', 54330),
(609, 'San Luis Anáhuac (Toriles)', 54326),
(610, 'San Luis Taxhimay', 54325),
(611, 'San Martín Cachihuapan', 54333),
(612, 'San Salvador de la Laguna', 54320),
(613, 'Santa Catarina', 54327),
(614, 'Santa María', 54336),
(615, 'Temanacoya (Barrio de Temanacoya)', 54335),
(616, 'Villa del Carbón', 54300),
(617, 'Villa del Carbón', 54327),
(618, 'Xajay (Loma del Xajay)', 54326),
(619, '15 de Mayo', 51760),
(620, 'Buenavista', 51765),
(621, 'Coxcacuaco', 51765),
(622, 'Cruz Vidriada', 51773),
(623, 'Cuajimalpa (Los Cuervos)', 51777),
(624, 'Ejido de la Finca', 51767),
(625, 'Ejido de San Mateo Coapexco', 51765),
(626, 'El Carmen', 51784),
(627, 'El Islote', 51765),
(628, 'El Izote', 51784),
(629, 'El Moral', 51777),
(630, 'El Peñon', 51786),
(631, 'Jesús Carranza (Rancho de Jesús)', 51765),
(632, 'La Finca', 51767),
(633, 'La Joya', 51775),
(634, 'La Loma de la Concepción', 51786),
(635, 'Loma de Zacango (El Venturero)', 51783),
(636, 'Los Ranchos de San José', 51777),
(637, 'Matlazinca', 51780),
(638, 'Porfirio Díaz', 51785),
(639, 'Potrero de la Sierra', 51786),
(640, 'Potrero Nuevo', 51767),
(641, 'Progreso Hidalgo', 51766),
(642, 'San Bartolomé (San Bartolo)', 51777),
(643, 'San Diego', 51773),
(644, 'San Felipe', 51765),
(645, 'San Francisco', 51760),
(646, 'San Gaspar', 51786),
(647, 'San José', 51777),
(648, 'San Lucas', 51776),
(649, 'San Mateo Coapexco', 51783),
(650, 'San Miguel', 51776),
(651, 'San Pedro Buenos Aires (San Pedro)', 51784),
(652, 'Santa Cecilia', 51760),
(653, 'Santa María Aranzazú (Santa María)', 51775),
(654, 'Santiago Oxtotitlán', 51783),
(655, 'Tequimilpa', 51786),
(656, 'Totolmajac', 51784),
(657, 'Villa Guerrero', 51760),
(658, 'Zacango', 51783),
(659, 'Zanjillas San Bartolomé', 51777),
(660, 'Agua Grande', 50984),
(661, 'Agua Zarca', 50984),
(662, 'Barrio Centro del Cerrillo', 50993),
(663, 'Barrio Cerrillo Grande', 50983),
(664, 'Barrio de Puentecillas', 50996),
(665, 'Barrio de Rameje', 50996),
(666, 'Barrio de San Isidro', 50990),
(667, 'Barrio de San Miguel', 50994),
(668, 'Barrio del Cerrillo ( Dos Ríos)', 50995),
(669, 'Barrio El Centenario', 50996),
(670, 'Barrio el Ocote', 50994),
(671, 'Barrio el Vivero', 50975),
(672, 'Campo Nuevo', 50987),
(673, 'Casas Coloradas', 50985),
(674, 'Centro del Cerrillo', 50997),
(675, 'Cerrillo Chico', 50983),
(676, 'Cerritos del Pilar', 50975),
(677, 'Cuadrilla Vieja', 50997),
(678, 'Doctor Gustavo Baz', 50965),
(679, 'Dolores Vaquerías', 50974),
(680, 'El Atole', 50987),
(681, 'El Capulín', 50986),
(682, 'El Catorce', 50986),
(683, 'El Espinal', 50985),
(684, 'El Fresno San Agustín', 50963),
(685, 'El Gallito', 50966),
(686, 'El Hospital', 50965),
(687, 'El Jacal', 50984),
(688, 'El Panteón', 50984),
(689, 'Ex-Hacienda de Ayala', 50995),
(690, 'Hospital Propiedad (Dos Estrellas)', 50965),
(691, 'Jesús María', 50965),
(692, 'Jesús María Monte Alto', 50975),
(693, 'La Alameda', 50997),
(694, 'La Campanilla', 50994),
(695, 'La Mesa', 50984),
(696, 'La Presa', 50985),
(697, 'La Providencia', 50984),
(698, 'La Puerta del Pilar', 50975),
(699, 'La Unión Berros', 50973),
(700, 'Laguna Seca 2da Sección', 50966),
(701, 'Laguna Seca Ejido Primera Sección', 50964),
(702, 'Laguna Seca Propiedad', 50970),
(703, 'Las Milpas', 50987),
(704, 'Las Peñas', 50975),
(705, 'Loma de Guadalupe', 50996),
(706, 'Loma de la Rosa', 50984),
(707, 'Loma de Lienzo', 50997),
(708, 'Loma del Burro', 50987),
(709, 'Loma Larga', 50987),
(710, 'Los Aviones', 50987),
(711, 'Los Cedros', 50997),
(712, 'Los Cedros Suchitepec', 50984),
(713, 'Los Matorrales', 50965),
(714, 'Los Padres', 50965),
(715, 'Mesa de Suchitímber', 50986),
(716, 'Mesa del Espinal', 50986),
(717, 'Mina Vieja', 50993),
(718, 'Nuevo Bosque', 50984),
(719, 'Ojitos de Agua', 50975),
(720, 'Ojo de Agua', 50986),
(721, 'Palizada', 50983),
(722, 'Piedras Blancas (Piedras Blancas Centro)', 50993),
(723, 'Potrero de San Diego', 50980),
(724, 'Puente los Velázquez', 50965),
(725, 'San Agustín Altamirano 2da. Sección', 50966),
(726, 'San Agustín Altamirano Primera Sección', 50964),
(727, 'San Agustín Berros', 50974),
(728, 'San Agustín Canohillas Segunda Sección', 50973),
(729, 'San Agustín Canoillas Primera Sección', 50973),
(730, 'San Agustín Monte Alto, La Trampa', 50973),
(731, 'San Antonio del Rincón', 50996),
(732, 'San Diego del Cerrito', 50996),
(733, 'San Diego Suchitepec', 50984),
(734, 'San Felipe de la Rosa', 50985),
(735, 'San Joaquín del Monte', 50965),
(736, 'San Luis el Alto', 50967),
(737, 'San Luis la Gavia', 50967),
(738, 'San Luis la Manzana', 50967),
(739, 'San Marcos de la Loma', 50994),
(740, 'San Pedro del Rincón', 50975),
(741, 'San Roque', 50995),
(742, 'Sansón', 50964),
(743, 'Santa Cruz de la Rosa', 50983),
(744, 'Santa Isabel del Monte', 50963),
(745, 'Santiago del Monte', 50966),
(746, 'Sección de Guadalupe', 50974),
(747, 'Sitio Centro', 50994),
(748, 'Sitio Ejido', 50994),
(749, 'Turcio 1a Secc', 50967),
(750, 'Turcio 3ra. Sección', 50967),
(751, 'Turcio la Loma', 50967),
(752, 'Turcio Segunda Sección', 50964),
(753, 'Vaquerías Palizada', 50986),
(754, 'Venta de Ocotillos', 50995),
(755, 'Villa Victoria', 50960),
(756, 'Villa Victoria', 50986),
(757, 'Coexapa', 52686),
(758, 'Coxto (Coschto)', 52683),
(759, 'Cruz Larga', 52688),
(760, 'El Águila (La Mesa)', 52686),
(761, 'El Capulín', 52690),
(762, 'El Potrero', 52689),
(763, 'El Yete', 52686),
(764, 'Escalerillas (Barrio San Francisco)', 52689),
(765, 'Jaras Verdes', 52693),
(766, 'Las Cocinas', 52693),
(767, 'Los Tejocotes', 52684),
(768, 'Mezapa la Fábrica', 52683),
(769, 'Morelos', 52684),
(770, 'San Agustín', 52680),
(771, 'San Bartolito', 52683),
(772, 'San Bartolo', 52680),
(773, 'San Francisco', 52680),
(774, 'San Juan', 52680),
(775, 'San Juan Tomasquillo Herradura', 52688),
(776, 'Santa Fe Mezapa', 52685),
(777, 'Techichili', 52680),
(778, 'Xalatlaco', 52680),
(779, 'Adolfo López Mateos', 52060),
(780, 'Celso Vicencio', 52076),
(781, 'Cinco de Mayo', 52070),
(782, 'El Espino', 52067),
(783, 'El Rancho', 52076),
(784, 'Emiliano Zapata', 52065),
(785, 'Francisco I. Madero', 52067),
(786, 'La Cañada', 52075),
(787, 'La Cuesta', 52074),
(788, 'La Herradura', 52073),
(789, 'La Jardona', 52067),
(790, 'La Manga', 52067),
(791, 'Lomas de Zolotepec (La Loma)', 52073),
(792, 'Los Laureles', 52073),
(793, 'Los Mesones', 52074),
(794, 'Paraje el Candelero', 52076),
(795, 'Paraje Pipileros', 52076),
(796, 'San Antonio', 52064),
(797, 'San Francisco Xonacatlán de Vicencio', 52060),
(798, 'San Juan', 52074),
(799, 'San Juan el Potrero (El Potrero)', 52077),
(800, 'San Miguel Mimiapan', 52074),
(801, 'Santa Cruz', 52077),
(802, 'Santa María Zolotepec', 52070),
(803, 'Santiago Tejocotillos', 52076),
(804, 'Arrastradero', 51170),
(805, 'El Potrero', 51164),
(806, 'El Puerto', 51173),
(807, 'Juan Villafaña', 51160),
(808, 'La Cañada', 51173),
(809, 'Santa María', 51163),
(810, 'Zacazonapan', 51160),
(811, '3 Cruces', 51850),
(812, 'Agua Dulce', 51825),
(813, 'Apetlahuacan', 51826),
(814, 'Ayotuxco', 51813),
(815, 'Calatepec', 51857),
(816, 'Coloxtitlán', 51814),
(817, 'Coronas', 51856),
(818, 'Cruz de Quiote', 51854),
(819, 'El Colorín', 51817),
(820, 'El Cortijo', 51827),
(821, 'El Coyol', 51850),
(822, 'El Despoblado', 51825),
(823, 'El Durazno', 51816),
(824, 'El Fresno', 51816),
(825, 'El Salto', 51816),
(826, 'El Sitio', 51815),
(827, 'El Verdecillo', 51855),
(828, 'Gama de la Paz', 51815),
(829, 'Huaxtitla', 51857),
(830, 'Hueytecoxco', 51850),
(831, 'Huizoltepec', 51810),
(832, 'Ixtayotla', 51856),
(833, 'La Cofradia', 51857),
(834, 'La Luz', 51826),
(835, 'La Mora', 51854),
(836, 'La Trinidad', 51855),
(837, 'Las Huertas', 51826),
(838, 'Los Barriales', 51850),
(839, 'Los Ejidos', 51825),
(840, 'Los Planes', 51827),
(841, 'Los Zapotes (Barrio San José)', 51800),
(842, 'Mamatla', 51850),
(843, 'Memetla', 51854),
(844, 'Paraje el Cuetzillo', 51800),
(845, 'Piedra Parada', 51820),
(846, 'Río Florido 1ra. Sección', 51817),
(847, 'Río Florido 2da. Sección', 51817),
(848, 'San Antonio Amealco', 51857),
(849, 'San Jerónimo', 51815),
(850, 'San Juan', 51814),
(851, 'Santiago', 51800),
(852, 'Teocaltzingo', 51855),
(853, 'Tepextitla 1ra. Sección', 51827),
(854, 'Tepextitla 2da. Sección', 51820),
(855, 'Tezicapan', 51814),
(856, 'Tlapexco', 51800),
(857, 'Tres Cruces', 51817),
(858, 'Velixtla', 51854),
(859, 'Yolotepec', 51855),
(860, 'Zacualpan', 51800),
(861, 'Zacualpilla', 51827),
(862, 'Zotzocola', 51815),
(863, '29 de Octubre', 51354),
(864, 'Benito Juárez', 51375),
(865, 'Bosques Residencial', 51355),
(866, 'Buenavista', 51390),
(867, 'Casa Grande', 51355),
(868, 'Cerro del Murciélago', 51354),
(869, 'Ciendabajo (Hacienda de Abajo)', 51385),
(870, 'Cuauhtémoc', 51383),
(871, 'De la Veracruz', 51356),
(872, 'De México', 51367),
(873, 'De San Miguel', 51354),
(874, 'Del Calvario', 51354),
(875, 'Deportiva', 51356),
(876, 'Dos de Marzo', 51370),
(877, 'El Contadero de Matamoros (San José)', 51384),
(878, 'El Coporo', 51364),
(879, 'El Curtidor', 51364),
(880, 'El Porvenir', 51355),
(881, 'El Potrero Barbosa', 51357),
(882, 'El Testerazo', 51357),
(883, 'Emiliano Zapata', 51355),
(884, 'Hacienda San José Barbabosa', 51357),
(885, 'Irma Patricia Galindo de Rez', 51356),
(886, 'La Aurora I', 51354),
(887, 'La Aurora II', 51354),
(888, 'La Cañada (Cañada Grande)', 51386),
(889, 'La Cruz', 51355),
(890, 'La Esperanza', 51354),
(891, 'La Herradura', 51386),
(892, 'La Joya', 51354),
(893, 'La Joya', 51355),
(894, 'La Lima', 51364),
(895, 'La Loma', 51355),
(896, 'La Peñuela', 51393),
(897, 'La Puerta del Monte', 51390),
(898, 'La Victoria', 51355),
(899, 'La Virgen', 51355),
(900, 'Las Ánimas', 51354),
(901, 'Las Culturas', 51355),
(902, 'Lindavista', 51356),
(903, 'Loma Alta', 51393),
(904, 'Loma de San Francisco', 51367),
(905, 'Los Maestros', 51354),
(906, 'Morelos', 51370),
(907, 'Nevado Plus I', 51354),
(908, 'Nevado Plus II', 51354),
(909, 'Nueva Serratón', 51355),
(910, 'Ojo de Agua', 51374),
(911, 'Ojuelos', 51355),
(912, 'Paraje la Puerta de Barbabosa', 51357),
(913, 'Privadas de la Hacienda', 51355),
(914, 'Progreso', 51383),
(915, 'Raíces', 51393),
(916, 'Rancho San Nicolás', 51355),
(917, 'Recibitas (El Remolino)', 51373),
(918, 'Residencial Zinacantepec', 51354),
(919, 'Ricardo Flores Magón', 51357),
(920, 'Rinconada de Tecaxic', 51355),
(921, 'San Antonio Acahualco', 51380),
(922, 'San Bartolo del Llano (San Isidro)', 51366),
(923, 'San Bartolo el Viejo', 51366),
(924, 'San Cristóbal Tecolit', 51367),
(925, 'San Gregorio', 51356),
(926, 'San Jorge', 51355),
(927, 'San Juan de las Huertas', 51370),
(928, 'San Lorenzo Cuautenco', 51355),
(929, 'San Luis Mextepec', 51355),
(930, 'San Matías Transfiguración', 51357),
(931, 'San Miguel', 51354),
(932, 'San Miguel Hojas Anchas', 51364),
(933, 'San Miguel Zinacantepec', 51350),
(934, 'San Pedro Tejalpa', 51383),
(935, 'Santa Cruz Cuauhtenco', 51370),
(936, 'Santa María del Monte', 51360),
(937, 'Tejalpa', 51375),
(938, 'Villas de Guadalupe', 51357),
(939, 'Vista Hermosa', 51355),
(940, 'Vista Nevado 1', 51354),
(941, 'Vista Nevado Plus', 51357),
(942, 'Zamarrero', 51355),
(943, 'Zimbron', 51355),
(944, 'Zimbrones', 51355),
(945, 'Ahuatzingo', 51996),
(946, 'Chiapa San Isidro', 51995),
(947, 'El Tamarindo', 51997),
(948, 'El Zapote', 51997),
(949, 'Guadalupe Ahuacatlán', 51984),
(950, 'Guadalupe Chiltamalco', 51995),
(951, 'Guadalupe Tlapizalco', 51988),
(952, 'Guadalupe Victoria', 51997),
(953, 'La Ascención', 51980),
(954, 'La Cabecera', 51980),
(955, 'Llano del Copal', 51985),
(956, 'San Agustín', 51980),
(957, 'San Antonio Guadalupe', 51987),
(958, 'San Gaspar', 51990),
(959, 'San José Tecontla', 51987),
(960, 'San Juan', 51980),
(961, 'San Mateo', 51980),
(962, 'San Mateo Despoblado', 51994),
(963, 'San Miguel', 51980),
(964, 'San Miguel Atiopa', 51986),
(965, 'San Nicolás Palo Dulce', 51984),
(966, 'San Pablo Tejalpa', 51986),
(967, 'San Pedro Guadalupe', 51980),
(968, 'San Pedro Guadalupe (Despoblado)', 51995),
(969, 'Santa Ana', 51980),
(970, 'Santa Ana Despoblado', 51995),
(971, 'Santa Catarina', 51986),
(972, 'Santa Cruz Atempa', 51995),
(973, 'Santa Cruz los Pilares', 51989),
(974, 'Santa María la Asunción', 51994),
(975, 'Santiaguito', 51985),
(976, 'Zumpahuacan', 51980),
(977, 'Aguirre', 55606),
(978, 'Ampliación Jardines de San Bartolo', 55644),
(979, 'Arbolada los Sauces', 55635),
(980, 'Buenavista', 55635),
(981, 'CTC de Zumpango (Santa María)', 55605),
(982, 'Del Bosque', 55615),
(983, 'El Nido', 55614),
(984, 'El Rincón', 55610),
(985, 'El Solar', 55644),
(986, 'España (Cuevas)', 55610),
(987, 'Ex Hacienda de Guadalupe', 55630),
(988, 'FOVISSTE', 55600),
(989, 'Hacienda los Encinos', 55635),
(990, 'Hombres Ilustres', 55604),
(991, 'Independencia', 55600),
(992, 'Jardines del Lago', 55607),
(993, 'La Esmeralda', 55630),
(994, 'La Trinidad', 55614),
(995, 'Las Plazas', 55635),
(996, 'Lázaro Cárdenas', 55629),
(997, 'Letigio', 55644),
(998, 'Loma Larga (Barrio de Loma Larga)', 55613),
(999, 'Los Alcanfores', 55630),
(1000, 'Los Hornos', 55635),
(1001, 'Los Rivero', 55636),
(1002, 'Los Romeros', 55614),
(1003, 'Magisterial', 55600),
(1004, 'Miltenco', 55644),
(1005, 'Nuevo Paseos de San Juan', 55607),
(1006, 'Olmos', 55630),
(1007, 'Paseos de la Laguna', 55600),
(1008, 'Paseos de San Juan', 55634),
(1009, 'Paseos del Lago', 55607),
(1010, 'Paseos del Lago II', 55607),
(1011, 'Portales de San Juan', 55604),
(1012, 'Primero de Mayo', 55607),
(1013, 'Pueblo Nuevo de Morelos', 55636),
(1014, 'Pueblo Nuevo de San Pedro', 55606),
(1015, 'San Antonio de las Arenas', 55605),
(1016, 'San Bartolo Cuautlalpan', 55630),
(1017, 'San José La Loma', 55620),
(1018, 'San Juan', 55600),
(1019, 'San Juan de Guadalupe', 55630),
(1020, 'San Lorenzo', 55604),
(1021, 'San Lorenzo (Zitlaltepec)', 55628),
(1022, 'San Marcos', 55606),
(1023, 'San Marcos del Llano', 55646),
(1024, 'San Miguel', 55603),
(1025, 'San Miguel (Camino a Bata)', 55643),
(1026, 'San Miguel (Camino a Valle Hermoso)', 55643),
(1027, 'San Miguel (Zitlaltepec)', 55628),
(1028, 'San Miguel Bocanegra', 55619),
(1029, 'San Pedro (Zitlaltepec)', 55628),
(1030, 'San Pedro de la Laguna', 55609),
(1031, 'San Sebastián', 55600),
(1032, 'Santa Cecilia', 55637),
(1033, 'Santa Fe', 55630),
(1034, 'Santa Isabel', 55635),
(1035, 'Santa Lucia', 55634),
(1036, 'Santa Lucia Base Aérea Militar', 55640),
(1037, 'Santa María', 55606),
(1038, 'Santa María', 55614),
(1039, 'Santa María (Zitlaltepec)', 55628),
(1040, 'Santa María Cuevas', 55610),
(1041, 'Santa María de Guadalupe', 55628),
(1042, 'Santa María el Llano', 55605),
(1043, 'Santa Rosa', 55615),
(1044, 'Santiago 1a. Sección', 55600),
(1045, 'Santiago 2a. Sección', 55615),
(1046, 'Unidad Familiar C.T.C. de Jaltenco', 55604),
(1047, 'Villas 2000', 55600),
(1048, 'Villas de la Laguna', 55614),
(1049, 'Villas de Zumpango', 55616),
(1050, 'Aldama ', 52477),
(1051, 'Amate Amarillo ', 52465),
(1052, 'Chalma ', 52460),
(1053, 'El Platanar ', 52473),
(1054, 'El Puentecito ', 52468),
(1055, 'Hidalgo ', 52478),
(1056, 'Jalmolonga ', 52449),
(1057, 'Juarez ', 52476),
(1058, 'La Ladrillera ', 52448),
(1059, 'Malinalco ', 52440),
(1060, 'Monte Grande ', 52466),
(1061, 'Noxtepec de Zaragoza ', 52470),
(1062, 'Pachuquilla ', 52463),
(1063, 'Palmar de Guadalupe ', 52469),
(1064, 'Planta Alameda ', 52467),
(1065, 'Puente Caporal ', 52464),
(1066, 'San Andres Nicolas Bravo ', 52479),
(1067, 'San Nicolas ', 52440),
(1068, 'San Simon el Alto ', 52440),
(1069, 'San Pedro Chichicasco ', 52471),
(1070, 'Santa Maria Xoquiac ', 52475),
(1071, 'Tenopalco ', 54892),
(1072, 'Visitacion ', 54890),
(1073, 'De los Milagros ', 54884),
(1074, 'Educacion ', 54883),
(1075, 'Melchor Ocampo Centro ', 54880),
(1076, 'San Antonio ', 54883),
(1077, 'San Isidro ', 54882),
(1078, 'Tepetongo ', 54884),
(1079, 'Tenopalco ', 54882),
(1080, 'Visitacion ', 54882),
(1081, 'Virgen de Guadalupe ', 54883),
(1082, 'Xancopinca ', 54884),
(1083, 'Alamos I ', 52149),
(1084, 'Alamos Ii ', 52149),
(1085, 'Alsacia ', 52172),
(1086, 'Alvaro Obregon ', 52144),
(1087, 'Andres Molina Enriquez ', 52149),
(1088, 'Aquitania ', 52172),
(1089, 'Balmoral Residencial ', 52150),
(1090, 'Barrio del Esperitu Santo ', 52140),
(1091, 'Bosque San Juan ', 52167),
(1092, 'Camino Real A Metepec ', 52155),
(1093, 'Campestre del Valle ', 52177),
(1094, 'Campestre Metepec Residencial ', 52164),
(1095, 'Casa Real ', 52157),
(1096, 'Casa Blanca ', 52175),
(1097, 'Casa Real ', 52150),
(1098, 'Casa Blanca ', 52175),
(1099, 'Citlali ', 52177),
(1100, 'Coaxustenco ', 52141),
(1101, 'Contry Club ', 52159),
(1102, 'Conjunto San Salvador ', 52172),
(1103, 'Cuauhtemoc ', 52175),
(1104, 'Del Virrey ', 52178),
(1105, 'El Centro ', 52160),
(1106, 'El Carmen ', 52170),
(1107, 'El Cedron Residencial ', 52167),
(1108, 'El Campanario ', 52140),
(1109, 'El Carmen ', 52149),
(1110, 'El Chacon ', 52168),
(1111, 'El Porton Ii ', 52156),
(1112, 'El Porton Iii ', 52156),
(1113, 'El Rodeo ', 52157),
(1114, 'El Ranchito ', 52148),
(1115, 'El Vergel ', 52157),
(1116, 'El Porton I ', 52156),
(1117, 'Explanada del Parque ', 52172),
(1118, 'El Solar ', 52150),
(1119, 'Espiritu Santo ', 52141),
(1120, 'Exhacienda de Purisima ', 52156),
(1121, 'Exrancho San Francisco Tlaltizapan ', 52144),
(1122, 'Exhacienda San Antonio ', 52140),
(1123, 'Exhacienda la Asuncion ', 52172),
(1124, 'Francisco I Madero ', 52172),
(1125, 'Fortanet ', 52159),
(1126, 'Granja el Sumidero ', 52167),
(1127, 'Granja el Sumidero ', 52154),
(1128, 'Granja Avicola del Centro ', 52143),
(1129, 'Granja la Esperanza ', 52150),
(1130, 'Guerrero ', 52140),
(1131, 'Granja Arenaza ', 52140),
(1132, 'Guadalupe ', 52172),
(1133, 'Hipico ', 52156),
(1134, 'Hidalgo ', 52158),
(1135, 'Izcalli Cuauhtemoc 4a Secc ', 52176),
(1136, 'Isidro Fabela ', 52167),
(1137, 'Izcalli Cuauhtemoc 5a Secc ', 52176),
(1138, 'Izcalli Cuauhtemoc 1a Secc ', 52176),
(1139, 'Izcalli Cuauhtemoc 6a Secc ', 52176),
(1140, 'Izcalli Cuauhtemoc 2a Secc ', 52176),
(1141, 'Izcalli Cuauhtemoc 3a Secc ', 52176),
(1142, 'Jorge Jimenez Cantu ', 52166),
(1143, 'Jesus Jimenez Gallardo ', 52167),
(1144, 'Juan Fernandez Albarran ', 52169),
(1145, 'La Asuncion ', 52143),
(1146, 'La Asuncion ', 52172),
(1147, 'La Herradura Ii ', 52150),
(1148, 'La Gavia ', 52177),
(1149, 'La Herradura ', 52150),
(1150, 'La Hortaliza ', 52177),
(1151, 'La Joya ', 52159),
(1152, 'La Herradura Iii ', 52140),
(1153, 'La Joya ', 52150),
(1154, 'La Magdalena Ocotitlan ', 52161),
(1155, 'La Michoacana ', 52166),
(1156, 'La Parroquia ', 52140),
(1157, 'La Magdalena ', 52149),
(1158, 'La Providencia ', 52177),
(1159, 'La Providencia ', 52172),
(1160, 'Las Azaleas I ', 52172),
(1161, 'Las Americas Residencial ', 52169),
(1162, 'Las Americas ', 52167),
(1163, 'La Virgen ', 52149),
(1164, 'La Union ', 52164),
(1165, 'Las Azaleas Ii ', 52172),
(1166, 'Las Haciendas ', 52157),
(1167, 'Las Arboledas Ii ', 52179),
(1168, 'Lazaro Cardenas ', 52148),
(1169, 'Las Arboledas ', 52154),
(1170, 'Las Aguilas ', 52155),
(1171, 'Las Jaras ', 52160),
(1172, 'Las Marinas Infonavit ', 52176),
(1173, 'Las Glorias ', 52169),
(1174, 'Las Margaritas ', 52165),
(1175, 'Lazaro Cardenas Isemmyn ', 52177),
(1176, 'Las Mitras ', 52149),
(1177, 'Lomas de Ocotitlan ', 52161),
(1178, 'Lomas de San Isidro ', 52149),
(1179, 'Los Arcos Secc Casa Blanca ', 52175),
(1180, 'Los Colorines ', 52148),
(1181, 'Lorena ', 52172),
(1182, 'Los Arcos ', 52154),
(1183, 'Los Cipreses ', 52167),
(1184, 'Los Cedros ', 52154),
(1185, 'Los Morillos ', 52140),
(1186, 'Los Fresnos ', 52158),
(1187, 'Los Sauces I ', 52140),
(1188, 'Los Robles ', 52149),
(1189, 'Los Jazmines ', 52156),
(1190, 'Los Sauces ', 52172),
(1191, 'Los Girasoles ', 52155),
(1192, 'Los Santos ', 52140),
(1193, 'Luisa I Campos de Jimenez Cantu ', 52166),
(1194, 'Los Nogales ', 52169),
(1195, 'Los Sauces Secc Pilares ', 52179),
(1196, 'Llano Grande ', 52148),
(1197, 'Los Sauces Ii ', 52140),
(1198, 'Mayorazgo ', 52140),
(1199, 'Matamoros ', 52179),
(1200, 'Mail Boxes Franquicias Ruch Sa de Cv ', 52153),
(1201, 'Metepec Centro ', 52140),
(1202, 'Metepec ', 52140),
(1203, 'Municipal ', 52168),
(1204, 'Normandia ', 52172),
(1205, 'Ojo de Agua ', 52175),
(1206, 'Paseo San Isidro ', 52149),
(1207, 'Paseo San Isidro 400 ', 52149),
(1208, 'Plazuelas de San Francisco ', 52158),
(1209, 'Praderas de la Asuncion ', 52172),
(1210, 'Pilares ', 52179),
(1211, 'Pueblito Ii ', 52172),
(1212, 'Rancho los Jardon ', 52140),
(1213, 'Pueblito I ', 52172),
(1214, 'Rancho San Jose Buenavista ', 52149),
(1215, 'Rancho la Purisima ', 52169),
(1216, 'Real de San Javier ', 52169),
(1217, 'Quinta las Manzanas ', 52140),
(1218, 'Rancho la Providencia ', 52177),
(1219, 'Rancho la Trinidad ', 52148),
(1220, 'Rancho los Bueno ', 52140),
(1221, 'Rancho Cruz Verde ', 52140),
(1222, 'Rancho el Carmen ', 52160),
(1223, 'Puerta de Hierro ', 52140),
(1224, 'Quinta Bonita ', 52169),
(1225, 'Rancho el Sol ', 52148),
(1226, 'Real de San Jeronimo ', 52170),
(1227, 'Rancho San Antonio Atizapan ', 52144),
(1228, 'Rancho Violetas ', 52165),
(1229, 'Rancho San Martin Amozoc ', 52148),
(1230, 'Quinta Romana ', 52164),
(1231, 'Rancho Fernando Reyes ', 52140),
(1232, 'Rancho Isidro Fabela ', 52167),
(1233, 'Rancho Cuauhtemoc ', 52176),
(1234, 'Rancho San Luis ', 52148),
(1235, 'Rinconada los Cedros ', 52170),
(1236, 'Residencial Citlalli ', 52140),
(1237, 'Rancho San Isidro ', 52140),
(1238, 'Rancho la Virgen ', 52149),
(1239, 'Rancho la Chacra ', 52166),
(1240, 'Real de San Jose ', 52155),
(1241, 'Real de San Jose ', 52170),
(1242, 'Residencial San Agustin ', 52140),
(1243, 'Rancho San Lucas ', 52172),
(1244, 'Rinconada San Luis ', 52172),
(1245, 'Rinconada San Carlos ', 52158),
(1246, 'Rancho San Francisco Tlaltizapan ', 52144),
(1247, 'Rinconada de San Isidro ', 52149),
(1248, 'Rincon de San Gabriel ', 52158),
(1249, 'Rincon Colonial ', 52176),
(1250, 'San Angel Residencial ', 52150),
(1251, 'San Francisco Cuaxusco ', 52158),
(1252, 'San Bartolome Tlaltelulco ', 52160),
(1253, 'San Carlos ', 52159),
(1254, 'San Carlos ', 52159),
(1255, 'San Gabriel Infonavit ', 52159),
(1256, 'San Jeronimo ', 52170),
(1257, 'San Joaquin ', 52140),
(1258, 'San Jeronimo Chicahualco ', 52170),
(1259, 'San Gaspar Tlahuililpa ', 52147),
(1260, 'San Isidro Residencial ', 52149),
(1261, 'San Francisco Infonavit ', 52176),
(1262, 'San Jorge Pueblo Nuevo ', 52164),
(1263, 'San Javier Fovissste ', 52168),
(1264, 'San Mateo ', 52140),
(1265, 'San Jose Buenavista ', 52157),
(1266, 'San Jose la Pilita ', 52149),
(1267, 'San Lorenzo Coacalco ', 52140),
(1268, 'San Lucas Tunco ', 52145),
(1269, 'San Nicolas ', 52143),
(1270, 'San Miguel ', 52140),
(1271, 'San Miguel Totocuitlapilco ', 52143),
(1272, 'San Salvador Tizatlale ', 52172),
(1273, 'San Pedro ', 52140),
(1274, 'San Salvador ', 52160),
(1275, 'San Sebastian ', 52146),
(1276, 'Santa Clara ', 52178),
(1277, 'Santa Cruz ', 52140),
(1278, 'San Salvador ', 52172),
(1279, 'Santa Teresa ', 52140),
(1280, 'Santiago ', 52160),
(1281, 'Santiaguito ', 52141),
(1282, 'Santiaguito ', 52140),
(1283, 'Solidaridad las Torres ', 52158),
(1284, 'Sur de la Hacienda ', 52172),
(1285, 'Solidaridad de los Electricistas ', 52168),
(1286, 'Tecnologico Regional de Toluca ', 52149),
(1287, 'Tollocan Ii ', 52179),
(1288, 'Unidad Esperanza Lopez Mateos ', 52172),
(1289, 'U Sind Prof Agripin Garcia Estrada ', 52165),
(1290, 'Victoria ', 52158),
(1291, 'Villas la Esperanza ', 52150),
(1292, 'Valle de Cristal ', 52149),
(1293, 'Villa Dorada ', 52150),
(1294, 'Valle San Javier ', 52168),
(1295, 'Villas Chapultepec ', 52150),
(1296, 'Villas Amozoc ', 52140),
(1297, 'Virreyes Residencial ', 52155),
(1298, 'Villas Kent Secc Sauces ', 52172),
(1299, 'Villas la Alteza ', 52168),
(1300, 'Villas Santa Teresa Residencial ', 52150),
(1301, 'Villas Iii ', 52150),
(1302, 'Villas Esperanza ', 52150),
(1303, 'Villas de San Agustin ', 52149),
(1304, 'Villas San Gregorio ', 52167),
(1305, 'Xinantecatl ', 52158),
(1306, 'Villas Metepec ', 52156),
(1307, 'Villas Santa Teresa ', 52172),
(1308, 'Villas Kent Secc el Nevado ', 52172),
(1309, 'Villas Ii Residencial ', 52150),
(1310, 'Villas Kent Secc Sauces ', 52150),
(1311, 'Villas Estefania ', 52154),
(1312, 'Xinantecatl ', 52169),
(1313, 'Vitrales de Metepec ', 52149),
(1314, 'Villas Tizatlalli ', 52172),
(1315, 'Mexicaltzingo ', 52180),
(1316, 'San Isidro ', 52189),
(1317, 'San Bartolo Morelos ', 50550),
(1318, 'San Gregorio Macapexco ', 50550),
(1319, 'San Lorenzo Malacota ', 50590),
(1320, 'San Jose la Epifania ', 50583),
(1321, 'San Marcos Tlazalpan ', 50582),
(1322, 'San Sebastian ', 50580),
(1323, 'Santa Clara de Juarez ', 50580),
(1324, 'Tlalpujahuilla ', 50570),
(1325, 'Xhinte de Lagos ', 50559),
(1326, '10 de Abril ', 53320),
(1327, '20 de Noviembre ', 53695),
(1328, 'Adolfo Lopez Mateos ', 53070),
(1329, 'Ahuizotla ', 53378),
(1330, 'Alce Blanco ', 53370),
(1331, 'Alfredo V Bonfil ', 53718),
(1332, 'Alfredo del Mazo ', 53716),
(1333, 'Altamira ', 53700),
(1334, 'Altamira ', 53700),
(1335, 'Alteza ', 53116),
(1336, 'Atengo ', 53350),
(1337, 'Atoto ', 53510),
(1338, 'Balcones de Chamapa ', 53708),
(1339, 'Balcones de San Mateo ', 53200),
(1340, 'Benito Juarez ', 53799),
(1341, 'Benito Juarez ', 53790),
(1342, 'Bosque de los Remedios ', 53030),
(1343, 'Bosques de Moctezuma ', 53279),
(1344, 'Bosque Alto ', 53124),
(1345, 'Bosque de Echegaray ', 53310),
(1346, 'Bosque de los Remedios Issemym ', 53458),
(1347, 'Boulevares ', 53140),
(1348, 'Boche ', 53650),
(1349, 'Buenavista ', 53800),
(1350, 'Centenario ', 53740),
(1351, 'Cerveceria Modelo ', 53330),
(1352, 'Casas Viejas ', 53215),
(1353, 'Ciudad de los Niños ', 53450),
(1354, 'Cielito ', 53650),
(1355, 'Colinas de San Mateo ', 53218),
(1356, 'Ciudad de los Niños 2a Secc ', 53459),
(1357, 'Colinas ', 53218),
(1358, 'Ciudad Satelite ', 53100),
(1359, 'Colon Echegaray ', 53300),
(1360, 'Ciudad Brisa ', 53280),
(1361, 'Colonial Satelite ', 53119),
(1362, 'Conjunto la Ronda ', 53128),
(1363, 'Cumbres de San Mateo ', 53210),
(1364, 'Country Club ', 53930),
(1365, 'Cumbres de Himalaya ', 53298),
(1366, 'Chiuxto ', 53650),
(1367, 'Dayu ', 53650),
(1368, 'Dudy ', 53650),
(1369, 'El Capulin ', 53720),
(1370, 'El Conde ', 53500),
(1371, 'El Beato ', 53410),
(1372, 'Donity ', 53650),
(1373, 'El Chamizal ', 53770),
(1374, 'El Huizachal ', 53840),
(1375, 'El Corralito ', 53667),
(1376, 'El Cuquio ', 53139),
(1377, 'El Olivar ', 53520),
(1378, 'El Mirador Totoltepec ', 53276),
(1379, 'El Parque ', 53398),
(1380, 'El Mirador ', 53050),
(1381, 'El Molinito ', 53530),
(1382, 'El Panorama ', 53277),
(1383, 'El Sordo ', 53590),
(1384, 'El Puente ', 53223),
(1385, 'El Tejocote ', 53217),
(1386, 'El Sausalito ', 53117),
(1387, 'El Temazcal ', 53467),
(1388, 'El Tambor ', 53590),
(1389, 'Emiliano Zapata ', 53660),
(1390, 'Empleado Municipal ', 53380),
(1391, 'El Zapote ', 53469),
(1392, 'El Torito ', 53460),
(1393, 'Estado de Mexico ', 53598),
(1394, 'Esperanza ', 53600),
(1395, 'Explanada de las Fuentes ', 53909),
(1396, 'Gral Manuel Avila Camacho ', 53910),
(1397, 'Filiberto Gomez ', 53520),
(1398, 'Hacienda de Cristo ', 53138),
(1399, 'Horizonte Petrolero ', 53225),
(1400, 'Hidalgo ', 53580),
(1401, 'Hacienda de Echegaray ', 53300),
(1402, 'Heroes de la Revolucion ', 53840),
(1403, 'Independencia ', 53830),
(1404, 'Industrial Atoto ', 53519),
(1405, 'Izcalli San Mateo ', 53227),
(1406, 'Industrial Tlatilco ', 53529),
(1407, 'Izcalli Chamapa ', 53689),
(1408, 'Izcalli del Bosque ', 53278),
(1409, 'Jongoy ', 53650),
(1410, 'Jardines de la Florida ', 53130),
(1411, 'Isidro Fabela ', 53689),
(1412, 'Jardines de San Mateo ', 53240),
(1413, 'Jardines del Molinito ', 53530),
(1414, 'Jardines de San Mateo ', 53240),
(1415, 'Jardines de Satelite ', 53129),
(1416, 'La Alteña 2a Secc ', 53127),
(1417, 'La Alteña 3a Secc ', 53127),
(1418, 'La Alteña 1a Secc ', 53127),
(1419, 'La Cañada ', 53570),
(1420, 'La Cañada de Boche ', 53650),
(1421, 'La Florida Occipaco ', 53169),
(1422, 'La Cantera ', 53666),
(1423, 'La Cañada Chamapa ', 53660),
(1424, 'La Chacona ', 53428),
(1425, 'La Cuevita ', 53465),
(1426, 'La Herradura ', 53920),
(1427, 'La Era ', 53215),
(1428, 'La Monera ', 53666),
(1429, 'La Cuspide ', 53124),
(1430, 'La Florida ', 53160),
(1431, 'La Huerta ', 53215),
(1432, 'La Huerta ', 53338),
(1433, 'La Luna ', 53228),
(1434, 'La Mancha ', 53717),
(1435, 'La Olimpiada ', 53669),
(1436, 'La Luna ', 53650),
(1437, 'La Raquelito ', 53660),
(1438, 'La Olimpiada 68 ', 53690),
(1439, 'La Rivera ', 53460),
(1440, 'La Olimpica ', 53690),
(1441, 'La Nopalera los Remedios ', 53466),
(1442, 'La Nopalera el Capulin ', 53729),
(1443, 'La Mancha 2a Secc ', 53717),
(1444, 'La Perla ', 53340),
(1445, 'La Soledad el Capulin ', 53730),
(1446, 'La Mancha 3a Secc ', 53714),
(1447, 'La Perla Industrial ', 53348),
(1448, 'La Palma ', 53217),
(1449, 'La Presa ', 53217),
(1450, 'La Soledad ', 53178),
(1451, 'La Olimpica 68 ', 53690),
(1452, 'La Rivera ', 53460),
(1453, 'La Tolva ', 53788),
(1454, 'Las Diligencias ', 53176),
(1455, 'La Verdolaga ', 53788),
(1456, 'Laderas de San Mateo ', 53248),
(1457, 'Laderas de la Colmena ', 53228),
(1458, 'Las Colonias ', 53709),
(1459, 'Las Americas ', 53040),
(1460, 'Las Armas ', 53379),
(1461, 'Las Colonias Predio ', 53688),
(1462, 'Las Huertas 3a Secc ', 53427),
(1463, 'Las Huertas 2a Secc ', 53427),
(1464, 'Las Huertas 1a Secc ', 53427),
(1465, 'Las Huertas ', 53427),
(1466, 'Las Misiones Oriente ', 53140),
(1467, 'Las Misiones ', 53140),
(1468, 'Loma del Carmen ', 53429),
(1469, 'Lazaro Cardenas ', 53560),
(1470, 'Las Tinajas ', 53665),
(1471, 'Lomas de San Agustin ', 53490),
(1472, 'Loma Linda ', 53618),
(1473, 'Loma Larga ', 53420),
(1474, 'Lomas de Occipaco ', 53247),
(1475, 'Lomas de las Fuentes ', 53115),
(1476, 'Lomas de la Cañada ', 53570),
(1477, 'Lomas de Cantera ', 53470),
(1478, 'Loma Colorada ', 53420),
(1479, 'Lomas Hipodromo ', 53900),
(1480, 'Lomas Verdes Infonavit ', 53179),
(1481, 'Lomas de Tecamachalco Secc Fuentes ', 53950),
(1482, 'Los Cuartos 3 ', 53664),
(1483, 'Lomas Verdes 3a Secc ', 53125),
(1484, 'Lomas del Cadete ', 53719),
(1485, 'Loma Taurina ', 53060),
(1486, 'Lomas de Christi ', 53170),
(1487, 'Lomas San Isidro ', 53960),
(1488, 'Lomas de San Mateo ', 53200),
(1489, 'Lomas de Chamapa ', 53680),
(1490, 'Los Arcos ', 53430),
(1491, 'Lomas Verdes 5a Secc ', 53126),
(1492, 'Los Fresnos ', 53237),
(1493, 'Los Cuartos ', 53670),
(1494, 'Lomas Verdes 2a Secc ', 53120),
(1495, 'Lomas Verdes 700 ', 53123),
(1496, 'Loma Linda ', 53619),
(1497, 'Lomas de Sotelo ', 53390),
(1498, 'Lomas Verdes 4a Secc ', 53125),
(1499, 'Los Cuartos 2 ', 53664),
(1500, 'Lomas Verdes 900 ', 53125),
(1501, 'Los Pastores ', 53340),
(1502, 'Lomas Verdes ', 53120),
(1503, 'Los Fresnos Ampliacion ', 53239),
(1504, 'Los Alamos ', 53230),
(1505, 'Los Alcanfores ', 53240),
(1506, 'Los Remedios ', 53400),
(1507, 'Los Parques ', 53235),
(1508, 'Mail Boxes Rapid Mail Sa de Cv ', 53979),
(1509, 'Los Remedios Issemym ', 53049),
(1510, 'Mail Boxes Interpost Sa de Cv ', 53108),
(1511, 'Luisa Isabel Campos de Jimenez Cantu ', 53663),
(1512, 'Mail Boxes Franquisa Sa de Cv ', 53315),
(1513, 'Mexico 68 ', 53260),
(1514, 'Martires de Rio Blanco ', 53780),
(1515, 'Martires de Rio Blanco ', 53787),
(1516, 'Mail Boxes Lomas Verdes Post Sa de Cv ', 53122),
(1517, 'Mail Boxes Lee Post Sa de Cv ', 53106),
(1518, 'Maravillas ', 53377),
(1519, 'Minas el Caracol ', 53698),
(1520, 'Minas Tecolote ', 53697),
(1521, 'Modelo ', 53330),
(1522, 'Mojonera ', 53650),
(1523, 'Minas Coyote ', 53694),
(1524, 'Minas Palacio ', 53696),
(1525, 'Minas Palacio ', 53696),
(1526, 'Mora ', 53650),
(1527, 'Miramar ', 53809),
(1528, 'Minas San Martin ', 53695),
(1529, 'Naucalpan ', 53509),
(1530, 'Naucalpan de Juarez Centro ', 53000),
(1531, 'Naucalpan 2a Secc ', 53478),
(1532, 'Naucalpan ', 53370),
(1533, 'Nueva San Rafael ', 53640),
(1534, 'Nuevo Molinito ', 53554),
(1535, 'Naucalpan 3a Secc ', 53489),
(1536, 'Occipaco ', 53249),
(1537, 'Olimpica Radio ', 53698),
(1538, 'Naucalpan ', 53489),
(1539, 'Padre Figueroa ', 53410),
(1540, 'Pedregal de Echegaray ', 53283),
(1541, 'Palo Dulce ', 53468),
(1542, 'Plan de Ayala ', 53710),
(1543, 'Paseos del Bosque ', 53297),
(1544, 'Plazas de Echegaray ', 53337),
(1545, 'Petroquimica Lomas Verdes ', 53124),
(1546, 'Piedras Negras ', 53610),
(1547, 'Presa Madin 25 ', 53126),
(1548, 'Pradera de San Mateo ', 53228);
INSERT INTO `colonia` (`CLAVE_COLONIA`, `COLONIA_NOMBRE`, `CP`) VALUES
(1549, 'Prado San Mateo ', 53240),
(1550, 'Poetas Mexiquenses ', 53687),
(1551, 'Progreso ', 53819),
(1552, 'Punta de Valle Dorado ', 53716),
(1553, 'Radio ', 53798),
(1554, 'Ricardo Flores Magon ', 53820),
(1555, 'Puerto el Guarda ', 53650),
(1556, 'Remedios Ampliacion ', 53410),
(1557, 'Reforma San Luis ', 53580),
(1558, 'Rincon Echegaray ', 53309),
(1559, 'Rinconada de las Diligencias ', 53177),
(1560, 'Rincones del Bosque ', 53839),
(1561, 'Rincon Verde ', 53219),
(1562, 'Residencias del Campo Militar 1 ', 53538),
(1563, 'Rio Hondo ', 53539),
(1564, 'Rio Escondido ', 53940),
(1565, 'Rincon del Bosque ', 53339),
(1566, 'Rio Hondo ', 53715),
(1567, 'Rinconada de los Parques ', 53220),
(1568, 'Rivera de Echegaray ', 53329),
(1569, 'Rinconada del Bosque ', 53849),
(1570, 'San Andres Atoto ', 53500),
(1571, 'San Esteban ', 53550),
(1572, 'San Esteban Huitzilacasco ', 53550),
(1573, 'San Esteban Huitzilacasco ', 53768),
(1574, 'San Antonio Zomeyucan ', 53750),
(1575, 'Rosa de Castilla ', 53520),
(1576, 'San Antonio Zomeyucan ', 53710),
(1577, 'San Francisco Chimalpa ', 53650),
(1578, 'San Francisco Cuautlalpan ', 53569),
(1579, 'San Jose Rio Hondo ', 53810),
(1580, 'San Lorenzo Totolinga ', 53426),
(1581, 'San Jose de los Leones ', 53760),
(1582, 'San Jose Poza Honda ', 53699),
(1583, 'San Mateo Nopala ', 53217),
(1584, 'San Mateo Nopala ', 53224),
(1585, 'San Mateo Nopala ', 53220),
(1586, 'San Juan Totoltepec ', 53270),
(1587, 'San Mateo Nopala ', 53226),
(1588, 'San Miguel Dextha ', 53650),
(1589, 'San Miguel Tecamachalco ', 53970),
(1590, 'San Mateo Nopala Zona Sur ', 53227),
(1591, 'San Miguel ', 53010),
(1592, 'San Lorenzo ', 53668),
(1593, 'San Luis Tlatilco ', 53630),
(1594, 'San Rafael Chamapa Iv Seccion ', 53680),
(1595, 'San Rafael Chamapa ', 53660),
(1596, 'Santa Cruz del Monte ', 53110),
(1597, 'Santa Lilia Chamapa ', 53620),
(1598, 'Santa Cruz Acatlan ', 53150),
(1599, 'Santa Cruz ', 53128),
(1600, 'Santa Elena Chamapa ', 53660),
(1601, 'Santiago Occipaco ', 53250),
(1602, 'Santa Maria Nativitas ', 53020),
(1603, 'Santa Rosa ', 53217),
(1604, 'Santiago Tepatlaxco ', 53216),
(1605, 'Sierra Nevada ', 53440),
(1606, 'Tabiqueras ', 53687),
(1607, 'Tlatilco Industrial ', 53529),
(1608, 'Tercer Mundo ', 53279),
(1609, 'Tierra Larga ', 53238),
(1610, 'Tlatilco ', 53470),
(1611, 'Urbina ', 53480),
(1612, 'Unidad Comercial Acropolis 800 ', 53129),
(1613, 'Union Popular ', 53769),
(1614, 'Totoltepec ', 53270),
(1615, 'Unidad Comercial Heliplaza ', 53129),
(1616, 'Universal ', 53425),
(1617, 'Valle Verde ', 53114),
(1618, 'Vicente Guerrero ', 53713),
(1619, 'Valle San Mateo ', 53240),
(1620, 'Unidad San Esteban ', 53550),
(1621, 'Upeny Doruba ', 53650),
(1622, 'Valle Dorado Chamapa ', 53690),
(1623, 'Villa Alpina ', 53650),
(1624, 'Villa Fuentes ', 53118),
(1625, 'Zona Urbana Occipaco ', 53250),
(1626, 'Nextlalpan de Felipe Sanchez Solis ', 55790),
(1627, 'San Mateo Acuitlapilco ', 55799),
(1628, 'San Miguel Jaltocan ', 55790),
(1629, 'Santa Ana Nextlalpan ', 55790),
(1630, 'Santiago Atocan ', 55797),
(1631, 'Agua Azul ', 57500),
(1632, 'Agua Azul Secc A ', 57500),
(1633, 'Aguilas ', 57900),
(1634, 'Aguilas ', 57950),
(1635, 'Amipant ', 57460),
(1636, 'Angel Veraza ', 57450),
(1637, 'Antonio Alzate ', 57188),
(1638, 'Atlacomulco ', 57720),
(1639, 'Aurora ', 57000),
(1640, 'Aurora 1 ', 57000),
(1641, 'Aurora 2 ', 57000),
(1642, 'Aurora 3 ', 57000),
(1643, 'Aurora Oriente ', 57000),
(1644, 'Aurorita ', 57460),
(1645, 'Benito Juarez ', 57000),
(1646, 'Bosques de Aragon ', 57170),
(1647, 'Campestre Guadalupana ', 57129),
(1648, 'Bosque Industrial Izcalli ', 57819),
(1649, 'Canal de Sales ', 57138),
(1650, 'Central ', 57500),
(1651, 'Campestre Guadalupana ', 57120),
(1652, 'Ciudad Lago ', 57185),
(1653, 'Ciudad Lago ', 57180),
(1654, 'Ciudad Lago Ctm ', 57189),
(1655, 'Constitucion de 1857 ', 57910),
(1656, 'Del Sol ', 57200),
(1657, 'El Barco 2 ', 57400),
(1658, 'El Barco ', 57400),
(1659, 'El Barco 3 ', 57400),
(1660, 'El Barco 1 ', 57400),
(1661, 'El Sol ', 57209),
(1662, 'Escuela Nacional de Estudios Profesionales Aragon ', 57171),
(1663, 'El Triangulo ', 57159),
(1664, 'Esperanza ', 57800),
(1665, 'Evolucion ', 57700),
(1666, 'Evolucion ', 57709),
(1667, 'Exhacienda Santa Ana Aragon ', 57100),
(1668, 'Flores ', 57310),
(1669, 'Estado de Mexico ', 57210),
(1670, 'Evolucion Poniente ', 57708),
(1671, 'Fuentes ', 57600),
(1672, 'Formando Hogar ', 57460),
(1673, 'Granja Diaz ', 57400),
(1674, 'Hank Gonzalez ', 57940),
(1675, 'Impulsora Popular Avicola ', 57130),
(1676, 'Jardines de San Agustin 2a Secc ', 57859),
(1677, 'Israel ', 57817),
(1678, 'Jardines de San Agustin ', 57859),
(1679, 'Izcalli Nezahualcoyotl ', 57810),
(1680, 'Jardines de Guadalupe ', 57140),
(1681, 'Joyas de Aragon ', 57158),
(1682, 'Juarez Pantitlan ', 57460),
(1683, 'La Joyita ', 57460),
(1684, 'La Perla ', 57830),
(1685, 'La Perla ', 57820),
(1686, 'Las Armas ', 57178),
(1687, 'La Vuelta de San Agustin ', 57815),
(1688, 'Las Antenas ', 57130),
(1689, 'Lazaro Cardenas ', 57138),
(1690, 'Loma Bonita ', 57940),
(1691, 'Los Olivos ', 57818),
(1692, 'Los Volcanes ', 57450),
(1693, 'Metropolitana 3a Secc ', 57750),
(1694, 'Manantiales ', 57930),
(1695, 'Mexico 2 ', 57620),
(1696, 'Maravillas ', 57410),
(1697, 'Martinez del Llano ', 57460),
(1698, 'Mexico 1 ', 57620),
(1699, 'Metropolitana 1a Secc ', 57730),
(1700, 'Mi Retiro ', 57460),
(1701, 'Metropolitana 2a Secc ', 57740),
(1702, 'Modelo ', 57530),
(1703, 'Nezahualcoyotl ', 57420),
(1704, 'Nueva Juarez Pantitlan ', 57460),
(1705, 'Nueva Santa Martha ', 57920),
(1706, 'Palmar ', 57310),
(1707, 'Palmas ', 57440),
(1708, 'Pirules ', 57510),
(1709, 'Parque Industrial Nezahualcoyotl ', 57819),
(1710, 'Peterete ', 57425),
(1711, 'Perla Reforma ', 57830),
(1712, 'Pavon ', 57610),
(1713, 'Porfirio Diaz ', 57520),
(1714, 'Plazas de Aragon ', 57139),
(1715, 'Porvenir ', 57430),
(1716, 'Prados de Aragon ', 57179),
(1717, 'Reforma ', 57840),
(1718, 'Rey Neza ', 57809),
(1719, 'Raul Romero ', 57630),
(1720, 'Reforma A Secc 1 ', 57849),
(1721, 'Residencial las Americas ', 57177),
(1722, 'Reforma A Secc 2 ', 57848),
(1723, 'Residencial Bosques de Iran ', 57176),
(1724, 'San Agustin Atlapulco ', 57850),
(1725, 'San Felipe de Jesus ', 57109),
(1726, 'San Lorenzo ', 57739),
(1727, 'San Juan Pantitlan ', 57470),
(1728, 'San Mateito ', 57460),
(1729, 'Silvia Pavon ', 57610),
(1730, 'Tamaulipas ', 57300),
(1731, 'Tamaulipas Oriente ', 57300),
(1732, 'Valle de Aragon ', 57100),
(1733, 'Vicente Villada Poniente ', 57719),
(1734, 'Vergel de Guadalupe ', 57150),
(1735, 'Villa de los Capulines ', 57816),
(1736, 'Vicente Villada Oriente ', 57718),
(1737, 'Vicente Villada ', 57760),
(1738, 'Vicente Villada ', 57710),
(1739, 'Virgencitas ', 57300),
(1740, 'Xochitenco ', 57460),
(1741, 'Zona Industrial Izcalli ', 57819),
(1742, '5 de Febrero ', 54413),
(1743, 'Arco Iris ', 54467),
(1744, 'Axotlan ', 54417),
(1745, 'Benito Juarez ', 54405),
(1746, 'Benito Juarez Barron ', 54469),
(1747, 'Bosques de la Colmena ', 54476),
(1748, 'Buenavista ', 54414),
(1749, 'Bulevares del Lago ', 54473),
(1750, 'Cahuacan ', 54430),
(1751, 'Bulevares del Lago ', 54473),
(1752, 'Campestre Liberacion ', 54473),
(1753, 'Cahuacan ', 54430),
(1754, 'Campestre Liberacion ', 54473),
(1755, 'Clara Cordova Moran ', 54474),
(1756, 'El Bramadero ', 54468),
(1757, 'El Gavillero ', 54459),
(1758, 'El Globo ', 54410),
(1759, 'El Capulin ', 54405),
(1760, 'El Globo ', 54410),
(1761, 'El Trafico ', 54435),
(1762, 'Francisco I Madero ', 54467),
(1763, 'Francisco Sarabia ', 54473),
(1764, 'Granjas de Guadalupe ', 54474),
(1765, 'Guadalupe ', 54413),
(1766, 'Hidalgo ', 54434),
(1767, 'Himno Nacional ', 54435),
(1768, 'Ignacio Capetillo ', 54434),
(1769, 'Independencia Secc el Capulin ', 54409),
(1770, 'Ignacio Zaragoza ', 54457),
(1771, 'Independencia 2a Secc ', 54409),
(1772, 'Independencia 1a Secc ', 54409),
(1773, 'La Colmena Fabrica ', 54475),
(1774, 'Jorge Jimenez Cantu ', 54408),
(1775, 'Juarez Barron ', 54423),
(1776, 'Juarez Barron ', 54402),
(1777, 'Libertad 1a Secc ', 54407),
(1778, 'Lomas de Guadalupe ', 54417),
(1779, 'Libertad ', 54407),
(1780, 'Loma del Rio ', 54463),
(1781, 'Loma de la Cruz ', 54475),
(1782, 'Lomas del Lago ', 54476),
(1783, 'Los Manantiales ', 54420),
(1784, 'Morelos ', 54455),
(1785, 'Progreso Industrial ', 54460),
(1786, 'Pueblo Viejo ', 54476),
(1787, 'Puerto Magu ', 54448),
(1788, 'Ricardo Flores Magon ', 54476),
(1789, 'San Jose el Vidrio ', 54449),
(1790, 'San Francisco Magu ', 54440),
(1791, 'San Francisco Tepojaco ', 54417),
(1792, 'San Ildefonso ', 54470),
(1793, 'San Juan Tlihuaca ', 54466),
(1794, 'San Juan de las Tablas ', 54420),
(1795, 'San Isidro la Paz ', 54477),
(1796, 'San Juan ', 54413),
(1797, 'San Jose el Viejo ', 54450),
(1798, 'San Marcos ', 54409),
(1799, 'San Miguel Hila ', 54400),
(1800, 'Santa Anita la Bolsa ', 54416),
(1801, 'Santa Barbara ', 54406),
(1802, 'Sitio 217 ', 54476),
(1803, 'Transfiguracion ', 54439),
(1804, 'Torres Peregrina ', 54409),
(1805, 'Vicente Guerrero 1a Secc ', 54425),
(1806, 'Villa Nicolas Romero Centro ', 54400),
(1807, 'Vicente Guerrero ', 54426),
(1808, 'Vicente Guerrero 2a Secc ', 54424),
(1809, 'Vista Hermosa ', 54414),
(1810, 'Nopaltepec ', 55970),
(1811, 'San Felipe Teotitlan ', 55975),
(1812, 'Tepetzingo ', 55974),
(1813, 'El Llanito de San Antonio ', 52746),
(1814, 'Juarez ', 52749),
(1815, 'La Asuncion Tepezoyuca ', 52743),
(1816, 'La Marqueza ', 52750),
(1817, 'Pedregal de Guadalupe Hidalgo ', 52742),
(1818, 'San Jeronimo Acazulco ', 52743),
(1819, 'San Juan Coapanoaya ', 52746),
(1820, 'San Pedro Atlapulco ', 52752),
(1821, 'San Pedro Cholula ', 52746),
(1822, 'Trejo ', 52746),
(1823, 'Centro Ocoyoacac ', 52740),
(1824, 'San Juan Coapanoya ', 52740),
(1825, 'San Miguel ', 52740),
(1826, 'San Miguel ', 52740),
(1827, 'Santa Maria ', 52740),
(1828, 'Santiaguito ', 52740),
(1829, 'Santa Maria de la Asuncion ', 52740),
(1830, 'Ahuatenco ', 52495),
(1831, 'Coyoltepec ', 52485),
(1832, 'Chalmita ', 52488),
(1833, 'Dr Gustavo Baz ', 52487),
(1834, 'El Ahuehuete ', 52480),
(1835, 'El Picacho ', 52486),
(1836, 'El Totoc ', 52498),
(1837, 'La Cañada ', 52483),
(1838, 'La Cienega ', 52480),
(1839, 'La Esperanza ', 52484),
(1840, 'La Pastoria ', 52499),
(1841, 'La Lagunita ', 52490),
(1842, 'Ocuilan de Arteaga ', 52480),
(1843, 'San Juan Atzingo ', 52480),
(1844, 'Santa Cruz Tezontepec ', 52480),
(1845, 'Santa Monica ', 52480),
(1846, 'Santa Martha ', 52489),
(1847, 'Santa Lucia del Progreso ', 52480),
(1848, 'Tezontepec ', 52480),
(1849, 'Zempoala ', 52480),
(1850, 'Aguatepec ', 55930),
(1851, 'Belen ', 55900),
(1852, 'Buenavista ', 55939),
(1853, 'Circuito San Esteban ', 55900),
(1854, 'Cuautlatzingo ', 55926),
(1855, 'Coyotepec ', 55910),
(1856, 'El Rosario ', 55900),
(1857, 'El Ranchito ', 55900),
(1858, 'Estado de Mexico ', 55900),
(1859, 'Magisterial ', 55900),
(1860, 'Oxtotipac ', 55908),
(1861, 'Otumba de Gomez Farias ', 55900),
(1862, 'San Francisco Tlaltica ', 55900),
(1863, 'San Miguel Xolco ', 55915),
(1864, 'San Marcos Tiaxuchilco ', 55935),
(1865, 'Santa Barbara ', 55919),
(1866, 'Santiago Tolman ', 55920),
(1867, 'Xalmimilolpan ', 55925),
(1868, 'Agua Zarca ', 51137),
(1869, 'Estancia Chica ', 51136),
(1870, 'Otzoloapan ', 51130),
(1871, 'Pinal del Marquesado ', 51139),
(1872, 'San Jose el Calvario ', 51138),
(1873, 'San Miguel Piru ', 51140),
(1874, 'Terreros ', 51144),
(1875, 'Zuluapan ', 51149),
(1876, 'Guadalupe Victoria ', 52080),
(1877, 'La Concepcion de Hidalgo ', 52080),
(1878, 'La Huanica ', 52080),
(1879, 'La Y ', 52088),
(1880, 'La Pilar Maria ', 52090),
(1881, 'La Purisima Concepcion ', 52084),
(1882, 'Las Trojes ', 52083),
(1883, 'Los Mimbres ', 52082),
(1884, 'Mayorazgo ', 52080),
(1885, 'Mozoquilpan ', 52080),
(1886, 'San Mateo Capulhuac ', 52081),
(1887, 'Santa Ana Jilotzingo ', 52080),
(1888, 'Tetitla ', 52080),
(1889, 'Villa Cuauhtemoc ', 52080),
(1890, 'Villa Seca ', 52089),
(1891, 'Chimalhuacan Chalco ', 56806),
(1892, 'Ozumba de Alzate ', 56800),
(1893, 'San Mateo Tecalco ', 56800),
(1894, 'Papalotla ', 56050),
(1895, 'Celayita ', 54200),
(1896, 'El Alamo ', 54200),
(1897, 'Encinillas ', 54200),
(1898, 'Gral Lazaro Cardenas ', 54200),
(1899, 'Polotitlan ', 54200),
(1900, 'San Agustin de los Cuervos ', 54200),
(1901, 'Ruano ', 54200),
(1902, 'San Francisco Acaxuchitlantongo ', 54200),
(1903, 'San Antonio Polotitlan ', 54200),
(1904, 'San Antonio Viejo ', 54200),
(1905, 'San Antonio Escobedo ', 54200),
(1906, 'San Nicolas de los Cerritos ', 54200),
(1907, 'Taxhie ', 54200),
(1908, 'DE LA CRUZ', 52363),
(1909, 'EX-HACIENDA SANTIAGUITO', 52367),
(1910, 'GUADALUPE', 52363),
(1911, 'IGNACIO LOPEZ RAYON ', 52362),
(1912, 'LA ASUNCION ', 52366),
(1913, 'LA JOYA', 52366),
(1914, 'LA PIRAMIDE', 52362),
(1915, 'LOS CERRITOS', 52363),
(1916, 'NINOS HEROES', 52363),
(1917, 'SAN ISIDRO', 52363),
(1918, 'SAN JOSE', 52366),
(1919, 'SAN JUAN LA ISLA', 52365),
(1920, 'SANABRIA', 52364),
(1921, 'SANTA ISABEL', 52364),
(1922, 'SANTA MARIA RAYON CENTRO', 52360),
(1923, 'Cuauhtemoc', 52280),
(1924, 'Ex Rancho San Dimas', 52282),
(1925, 'San Agustin', 52290),
(1926, 'San Antonio', 52286),
(1927, 'San Antonio la Isla', 52280),
(1928, 'San Lucas Tepemajalco', 52280),
(1929, 'Villas del Sauce', 52280),
(1930, 'AGUA ZARCA NICHI', 50686),
(1931, 'AMPLIACIÓN DE SAN ANTONIO LA CIENEGA', 50694),
(1932, 'BARRIO SAN FRANCISCO SAN NICOLÁS GUADALUPE', 50694),
(1933, 'BOREJE DE SAN ANTONIO LA CIÉNEGA', 50695),
(1934, 'CALVARIO BUENAVISTA', 50655),
(1935, 'CALVARIO DEL CARMEN', 50694),
(1936, 'CERRO DE LA LUNA DE DEL FRESNO NICHI', 50685),
(1937, 'CHARCOS AZULES SAN JERÓNIMO MAVATÍ', 50685),
(1938, 'Chichilpa', 50695),
(1939, 'Chichilpa', 50696),
(1940, 'Choteje', 50697),
(1941, 'Dios Padre', 50694),
(1942, 'Dolores Hidalgo', 50687),
(1943, 'Dotegiare', 50696),
(1944, 'Ejidal', 50640),
(1945, 'Ejido de Tlalchichilpa', 50696),
(1946, 'El Agostadero Ejido de San Juan Jalpa', 50653),
(1947, 'El Carmen Ocotepec', 50655),
(1948, 'El Llano Santa Ana Nichi Ejido', 50686),
(1949, 'El Obraje', 50656),
(1950, 'El Salto San Antonio la Ciénega', 50695),
(1951, 'El Tunal', 50656),
(1952, 'Emilio Portes Gil', 50680),
(1953, 'Encinillas de San Antonio la Ciénega', 50690),
(1954, 'Estutempan', 50693),
(1955, 'Fernando Orozco y Berra', 50640),
(1956, 'Flor de María', 50653),
(1957, 'Fresno Nichi', 50685),
(1958, 'Guadalupe', 50653),
(1959, 'Guadalupe Coté', 50686),
(1960, 'Guadalupe, San Lucas Ocotepec', 50655),
(1961, 'Héroes de la Independencia', 50640),
(1962, 'José María Morelos', 50640),
(1963, 'La Cabecera', 50653),
(1964, 'La Cabecera Concepción', 50640),
(1965, 'La Cañada San Antonio la Ciénega', 50695),
(1966, 'La Carrera', 50696),
(1967, 'La Ciénega', 50695),
(1968, 'La Concepción Chico (El Centro)', 50655),
(1969, 'La Constitución, San Antonio Mextepec', 50687),
(1970, 'La Era San Pablo Tlalchichilpa', 50697),
(1971, 'La Esperanza', 50653),
(1972, 'La Manzana', 50695),
(1973, 'La Mesa, Rioyos Buenavista', 50696),
(1974, 'La Soledad', 50695),
(1975, 'La Tenería', 50640),
(1976, 'La Venta', 50640),
(1977, 'La Virgen', 50685),
(1978, 'La Virgen San Pedro el Alto', 50686),
(1979, 'Las Ánimas, Ejido de San Pedro el Alto', 50684),
(1980, 'Las Colonias', 50640),
(1981, 'Las Huertas', 50640),
(1982, 'Las Palomas, Santa Ana Nichi', 50686),
(1983, 'Las Presas, Ejido de San Jerónimo Mavatí', 50685),
(1984, 'Mesa de la Agüita', 50694),
(1985, 'Palmillas', 50683),
(1986, 'Palmillas', 50655),
(1987, 'Plateros Palmillas', 50654),
(1988, 'Progreso', 50640),
(1989, 'Purísima Concepción Mayorazgo (Mayorazgo)', 50693),
(1990, 'Rincón de los Pirules', 50697),
(1991, 'Rioyos Buenavista', 50696),
(1992, 'Rosa del Calvario', 50697),
(1993, 'San Agustín Mextepec', 50687),
(1994, 'San Antonio de las Huertas', 50686),
(1995, 'San Antonio la Ciénega (La Rosa)', 50695),
(1996, 'San Antonio Mextepec', 50687),
(1997, 'San Felipe del Progreso Centro', 50640),
(1998, 'San Francisco Ejido de San Pablo Tlalchichilpa', 50697),
(1999, 'San Jerónimo Bonchete', 50687),
(2000, 'San Jerónimo Mavatí', 50685),
(2001, 'San José, Ejido de San Pedro el Alto', 50684),
(2002, 'San Juan Coté', 50686),
(2003, 'San Juan Coté Centro', 50686),
(2004, 'San Juan Evangelista', 50696),
(2005, 'San Juan Jalpa', 50654),
(2006, 'San Juan Jalpa Centro', 50653),
(2007, 'San Juan Rioyos', 50696),
(2008, 'San Lucas Ocotepec', 50655),
(2009, 'San Miguel la Labor', 50686),
(2010, 'San Nicolás Guadalupe', 50694),
(2011, 'San Nicolás Mavatí', 50685),
(2012, 'San Pablo Tlalchichilpa', 50697),
(2013, 'San Pedro el Alto', 50684),
(2014, 'San Pedro el Chico', 50684),
(2015, 'Santa Ana Nichi', 50686),
(2016, 'Santa Ana Nichi Centro', 50686),
(2017, 'Santa Cruz de San Pablo Tlalchichilpa', 50693),
(2018, 'Santa Cruz Mextepec', 50687),
(2019, 'Santa Cruz, San Pedro el Alto', 50694),
(2020, 'Santa Rita de la Cuesta', 50697),
(2021, 'Tepetitlán Emilio Portes Gil', 50683),
(2022, 'Tierra Blanca, Ejido de San Pedro el Alto', 50684),
(2023, 'Tlalchichilpa', 50696),
(2024, 'Tres Estrellas', 50686),
(2025, 'Tunal Nenaxi', 50653),
(2026, 'Tungareo, Emilio Portes Gil', 50683),
(2027, 'Vicente Guerrero', 50687),
(2028, 'Zaragoza, Ejido de Fresno Nichi', 50694),
(2029, 'Agua Zarca Pueblo Nuevo', 50674),
(2030, 'Barrio Loma Bonita Guarda la Lagunita', 50668),
(2031, 'Benito Juárez Santa Cruz del Tejocote', 50668),
(2032, 'Buenavista Casa Blanca', 50664),
(2033, 'Buenavista Casa Blanca', 50665),
(2034, 'Cañada del Sauco', 50677),
(2035, 'Cedro de la Manzana', 50663),
(2036, 'Cevatí', 50667),
(2037, 'Chivatí la Mesa', 50677),
(2038, 'Cieneguillas (Casa Blanca)', 50668),
(2039, 'Concepción del Monte', 50665),
(2040, 'Concepción la Venta', 50668),
(2041, 'De Dolores', 50674),
(2042, 'El Cable Ejido el Depósito', 50676),
(2043, 'El Calvario Concepción de la Venta', 50668),
(2044, 'El Capulín San Miguel del Centro', 50663),
(2045, 'El Cerrito Pueblo Nuevo', 50674),
(2046, 'El Consuelo', 50663),
(2047, 'El Cuarenta y Cuatro Pueblo Nuevo', 50674),
(2048, 'El Fresno el Depósito', 50676),
(2049, 'El Guarda Ejido', 50663),
(2050, 'El Huizache', 50677),
(2051, 'El Lijadero la Mesa', 50677),
(2052, 'El Lindero Pueblo Nuevo', 50674),
(2053, 'El Llano de las Rosas', 50670),
(2054, 'El Llano Grande Jaltepec', 50673),
(2055, 'El Llano San Juan Palo Seco', 50670),
(2056, 'El Ocho el Pintal', 50670),
(2057, 'El Pintado Pueblo Nuevo', 50674),
(2058, 'El Pintal el Depósito', 50670),
(2059, 'El Porvenir', 50663),
(2060, 'El Puente Barrio de las Rosas', 50678),
(2061, 'El Quelite Pueblo Nuevo', 50675),
(2062, 'El Rancho Jaltepec', 50673),
(2063, 'El Salto la Venta (Barrio el Salto)', 50668),
(2064, 'El Tepetate Guarda de San Antonio Buenavista', 50668),
(2065, 'El Toril Ejido la Soledad', 50673),
(2066, 'El Valerio', 50664),
(2067, 'Emiliano Zapata Ampliación la Mesa', 50663),
(2068, 'Estación la Trinidad', 50664),
(2069, 'Fábrica Concepción', 50665),
(2070, 'Fábrica Pueblo Nuevo', 50668),
(2071, 'Fábrica Pueblo Nuevo Monte Alto', 50668),
(2072, 'Falda Loma', 50666),
(2073, 'Fundereje el Depósito', 50676),
(2074, 'Garatachea', 50667),
(2075, 'Guadalupe Buenavista', 50665),
(2076, 'Guadalupe Chico', 50665),
(2077, 'Guadalupe del Pedregal', 50663),
(2078, 'Guadalupe del Pedregal el Calvario', 50663),
(2079, 'Guadalupe del Pedregal la Palma', 50663),
(2080, 'Guadalupe las Cabras', 50666),
(2081, 'Guarda de Guadalupe', 50663),
(2082, 'Guarda de la Lagunita Canoas', 50668),
(2083, 'Guarda de San Antonio Buenavista', 50668),
(2084, 'Guarda la Lagunita el Potrero', 50668),
(2085, 'Guarda San Antonio Plaza de Gallos', 50668),
(2086, 'Jaltepec Centro', 50673),
(2087, 'Jesús Carranza', 50663),
(2088, 'La Chispa', 50678),
(2089, 'La Cuadrilla San Miguel del Centro', 50663),
(2090, 'La Curva el Depósito', 50670),
(2091, 'La Esperanza', 50665),
(2092, 'La Magdalena San Juan Palo Seco', 50676),
(2093, 'La Mesa', 50677),
(2094, 'La Mesa la Lagunita', 50668),
(2095, 'La Palma el Depósito', 50670),
(2096, 'La Puerta San Miguel del Centro', 50663),
(2097, 'La Soledad', 50664),
(2098, 'La Soledad el Guarda', 50663),
(2099, 'La Trampa (La Trampa Grande)', 50677),
(2100, 'La Trampa Chica', 50678),
(2101, 'La Trinidad Concepción', 50665),
(2102, 'Las Canoas San Felipe de Jesús', 50666),
(2103, 'Las Escobas del Agua San Jerónimo Dolores', 50664),
(2104, 'Las Palomas', 50667),
(2105, 'Las Rosas', 50668),
(2106, 'Las Rosas', 50678),
(2107, 'Las Rosas San Miguel del Centro', 50663),
(2108, 'Las Tinajas', 50668),
(2109, 'Loma del Cedro el Depósito', 50676),
(2110, 'Loma del Rancho', 50673),
(2111, 'Loma Grande San Antonio Pueblo Nuevo', 50675),
(2112, 'Los Cedros San Juan Palo Seco', 50676),
(2113, 'Los Lobos Centro', 50678),
(2114, 'Los Lobos Segunda Sección', 50670),
(2115, 'Los Pintados', 50673),
(2116, 'Los Pintados (El Pintado)', 50674),
(2117, 'Minita del Cedro Dos', 50678),
(2118, 'Minita del Cedro Uno', 50678),
(2119, 'Palo Amarillo', 50667),
(2120, 'Pancho Maya', 50667),
(2121, 'Pathe Mula de los Cedros', 50663),
(2122, 'Providencia Ejido el Depósito', 50670),
(2123, 'Puentecillas el Deposito', 50676),
(2124, 'Purungueo', 50666),
(2125, 'Remege el Depósito', 50676),
(2126, 'Rosa de la Palma', 50663),
(2127, 'Rosa de Palo Amarillo', 50667),
(2128, 'Rosa San Antonio Concepción del Monte', 50666),
(2129, 'Sabaneta Quintana', 50668),
(2130, 'San Antonio el Depósito', 50670),
(2131, 'San Antonio Palo Seco Barrio la Mesa', 50677),
(2132, 'San Antonio Pueblo Nuevo', 50674),
(2133, 'San Bartolo Guarda la Lagunita', 50668),
(2134, 'San Diego Pueblo Nuevo', 50675),
(2135, 'San Felipe de Jesús', 50666),
(2136, 'San Francisco de la Loma', 50663),
(2137, 'San Francisco de la Loma Segunda Sección', 50663),
(2138, 'San Francisco Solo', 50663),
(2139, 'San Isidro la Trinidad', 50664),
(2140, 'San Jerónimo de los Dolores', 50664),
(2141, 'San Jerónimo Pilitas', 50667),
(2142, 'San Joaquín del Monte', 50665),
(2143, 'San Joaquín Lamillas (San José Lamiilas)', 50678),
(2144, 'San Joaquín Lamillas Centro', 50678),
(2145, 'San José del Rincón', 50660),
(2146, 'San José del Rincón', 50660),
(2147, 'San Juan Evangelista Fracción Diez (San Juan)', 50663),
(2148, 'San Juan Palo Seco Centro', 50676),
(2149, 'San Miguel Agua Bendita', 50664),
(2150, 'San Miguel Chisda', 50664),
(2151, 'San Miguel del Centro', 50663),
(2152, 'San Onofre', 50663),
(2153, 'San Onofre Centro (Carmona)', 50663),
(2154, 'San Ramón las Rosas', 50678),
(2155, 'Sanacoche', 50668),
(2156, 'Sanacoche Centro', 50668),
(2157, 'Santa Ana Pueblo Nuevo', 50674),
(2158, 'Santa Cruz del Rincón', 50663),
(2159, 'Santa Cruz del Tejocote', 50668),
(2160, 'Santa Cruz Pueblo Nuevo', 50674),
(2161, 'Santa Juanita el Depósito', 50670),
(2162, 'Santa Rita Pueblo Nuevo', 50674),
(2163, 'Santiago Gigante Jaltepec', 50673),
(2164, 'Yondece del Cedro', 50665),
(2165, 'Yondece el Grande', 50677),
(2166, 'Álvaro Obregón', 55852),
(2167, 'Club Campestre Teotihuacán', 55855),
(2168, 'Cozotlán Norte', 55853),
(2169, 'El Saltito', 55852),
(2170, 'Ixtlahuaca', 55852),
(2171, 'La Noria', 55854),
(2172, 'Predio Palma y Raya', 55855),
(2173, 'San Antonio de las Palmas', 55853),
(2174, 'San José Cerro Gordo', 55854),
(2175, 'San Marcos Cerro Gordo', 55854),
(2176, 'San Martín', 55853),
(2177, 'San Martín Centro', 55850),
(2178, 'San Pablo Ixquitlán', 55855),
(2179, 'Santa María Palapa', 55856),
(2180, 'Santa María Tezompa', 55852),
(2181, 'Santiago Tepetitlán', 55859),
(2182, 'Tlacatecpan', 55855),
(2183, 'Tlachinolpa', 55853),
(2184, 'Álvaro Obregón', 52105),
(2185, 'Buenavista', 52105),
(2186, 'Carlos Hank González', 52104),
(2187, 'Cuauhtémoc', 52104),
(2188, 'El Dorado 1', 52104),
(2189, 'El Dorado 2', 52104),
(2190, 'Emiliano Zapata', 52110),
(2191, 'Francisco I. Madero', 52106),
(2192, 'Guadalupe', 52107),
(2193, 'La Concepción', 52105),
(2194, 'La Magdalena', 52104),
(2195, 'Olmos', 52107),
(2196, 'Reforma', 52120),
(2197, 'Rinconada de San Carlos', 52107),
(2198, 'San Francisco', 52104),
(2199, 'San Isidro', 52105),
(2200, 'San Juan', 52104),
(2201, 'San Lucas', 52107),
(2202, 'San Mateo Atenco Centro', 52100),
(2203, 'San Miguel', 52104),
(2204, 'San Nicolás', 52104),
(2205, 'San Pedro', 52105),
(2206, 'San Román', 52107),
(2207, 'Santa Elena', 52105),
(2208, 'Santa María', 52104),
(2209, 'Santiago', 52104),
(2210, 'Villas de Atenco', 52107),
(2211, 'Villas de Metepec San Mateo', 52104),
(2212, 'Vista Verde', 52104),
(2213, 'Barrio Santa Cruz', 51479),
(2214, 'Cruz Verde', 51474),
(2215, 'Del Monte', 51476),
(2216, 'El Jocoyol Cuentla (Jocoyoles)', 51485),
(2217, 'El Mango Cuentla (El Mango)', 51484),
(2218, 'El Momustle', 51485),
(2219, 'El Zapote', 51484),
(2220, 'Estancia Vieja', 51479),
(2221, 'Guardarraya', 51484),
(2222, 'La Cumbre', 51485),
(2223, 'La Fragua', 51475),
(2224, 'La Rinconada', 51480),
(2225, 'La Sierrita', 51477),
(2226, 'Los Berros Cuentla', 51486),
(2227, 'Mina de Agua', 51479),
(2228, 'Peña Redonda', 51483),
(2229, 'Rancho Viejo', 51483),
(2230, 'Rincón de los Trigos', 51480),
(2231, 'San Diego Cuentla', 51480),
(2232, 'San Gabriel Cuentla', 51480),
(2233, 'San José (Barrio Tecolote)', 51475),
(2234, 'San Pedro (El Espinal)', 51475),
(2235, 'San Simón de Guerrero', 51470),
(2236, 'Santa Rosa (La Gallinada)', 51474),
(2237, 'Titipac Cuentla (Titipac)', 51483),
(2238, 'Yerbabuena', 51483),
(2239, 'El Llano', 51109),
(2240, 'El Plan', 51109),
(2241, 'Frontón Vivero', 51105),
(2242, 'Las Canoas', 51106),
(2243, 'Las Fincas', 51106),
(2244, 'Loma Bonita', 51106),
(2245, 'Ojo de Agua', 51109),
(2246, 'Potrero de Arriba', 51117),
(2247, 'Rincón Grande', 51105),
(2248, 'Rincón Vivero (El Maracaná)', 51105),
(2249, 'Salitre de la Cal', 51117),
(2250, 'Salitre Terrero', 51106),
(2251, 'San José Barbechos (Los Barbechos)', 51116),
(2252, 'San Miguel Sandemialma', 51104),
(2253, 'San Pedro el Grande', 51116),
(2254, 'San Pedro Ixtapantongo', 51105),
(2255, 'Santa Bárbara', 51108),
(2256, 'Santo Tomás de los Plátanos', 51110),
(2257, 'Tacuitapan', 51106),
(2258, 'Viejo', 51108),
(2259, 'El Atoron', 54280),
(2260, 'El Capulín', 54283),
(2261, 'El Chiquinte', 54280),
(2262, 'El Divisadero de Zapata', 54285),
(2263, 'El Divisadero Fresno (El Divisadero)', 54285),
(2264, 'El Progreso', 54280),
(2265, 'El Quinte', 54283),
(2266, 'El Ventorillo', 54280),
(2267, 'Gavillero de Santa Ana', 54285),
(2268, 'Ignacio Zaragoza (Zaragoza)', 54290),
(2269, 'La Goleta', 54290),
(2270, 'La Providencia', 54280),
(2271, 'Loma del Perdón', 54280),
(2272, 'Palos Altos', 54295),
(2273, 'Quinta Manzana de San José Deguedó', 54293),
(2274, 'Rancho Jesús María', 54280),
(2275, 'San Agustín Buenavista', 54284),
(2276, 'San Francisco Soyaniquilpan', 54280),
(2277, 'San Isidro', 54285),
(2278, 'San José Deguedó', 54296),
(2279, 'San Juan Daxthi', 54297),
(2280, 'San Juan del Cuervo (El Cuervo)', 54285),
(2281, 'Santa Cruz (Ejido de Palos Altos)', 54290),
(2282, 'Vistahermosa (Vista Hermosa)', 54294),
(2283, '2da. Manzana 4 Cruces', 51624),
(2284, '4 Cruces', 51623),
(2285, 'Aserradero Viejo', 51620),
(2286, 'Atzumpa', 51637),
(2287, 'Capula', 51603),
(2288, 'Capulatengo', 51653),
(2289, 'Cojaltitla', 51645),
(2290, 'Coquillo', 51650),
(2291, 'Cruz de Cedro', 51633),
(2292, 'Diego Sanchéz', 51605),
(2293, 'El Calvarito', 51636),
(2294, 'El Cristo', 51614),
(2295, 'El Huizache', 51644),
(2296, 'El Naranjo', 51646),
(2297, 'El Potrero (Potrero de Guadalupe)', 51635),
(2298, 'El Puerto del Teamate (Puerto de las Majadas)', 51655),
(2299, 'El Ranchito', 51634),
(2300, 'El Rincón del Cristo (Rinconada del Cristo)', 51614),
(2301, 'El Teamate', 51637),
(2302, 'Filo los Amates', 51650),
(2303, 'Jalpan (Jalpa)', 51644),
(2304, 'La Albarrada', 51607),
(2305, 'La Ciénega', 51605),
(2306, 'La Laguna', 51610),
(2307, 'La Unión', 51607),
(2308, 'La Virgen', 51624),
(2309, 'Laguna Seca', 51653),
(2310, 'Laguna Verde', 51645),
(2311, 'Las Joyas', 51650),
(2312, 'Las Mesas', 51623),
(2313, 'Las Peñas', 51614),
(2314, 'Los Epazotes', 51620),
(2315, 'Manantial Guadalupe de Abajo', 51633),
(2316, 'Manantial Guadalupe de Arriba', 51633),
(2317, 'Metlaltepec', 51650),
(2318, 'Mextepec', 51634),
(2319, 'Momostle', 51614),
(2320, 'Pepechuca', 51613),
(2321, 'Potzontepec', 51636),
(2322, 'Puentecillas', 51623),
(2323, 'Puerto Frío', 51620),
(2324, 'Real de Abajo (Santa Lucía)', 51604),
(2325, 'Rincón de los Aguilares', 51637),
(2326, 'Salayatla', 51637),
(2327, 'Salinas', 51637),
(2328, 'San Francisco de Asís', 51634),
(2329, 'San Hipólito Zacatales', 51613),
(2330, 'San Isidro Xochitla', 51610),
(2331, 'San José de Potrero', 51624),
(2332, 'San Miguel Terrero', 51610),
(2333, 'San Miguel Totolmaloya', 51645),
(2334, 'San Miguelito', 51634),
(2335, 'San Nicolás del Cobre (San Nicolás)', 51654),
(2336, 'San Pedro Hueyahualco', 51640),
(2337, 'Santa Anita', 51613),
(2338, 'Santa Cruz (Santa Cruz Texcalapa)', 51606),
(2339, 'Santo Tomás de las Flores (Santo Tomás)', 51606),
(2340, 'Sultepec de Pedro Ascencio de Alquisiras', 51600),
(2341, 'Sultepequito', 51610),
(2342, 'Sultepequito', 51613),
(2343, 'Tehuilotepec', 51654),
(2344, 'Tenanguillo de las Peñas', 51645),
(2345, 'Troja Vieja', 51620),
(2346, 'Trojes', 51624),
(2347, 'Xochitla', 51647),
(2348, '10 de Junio', 55765),
(2349, '21 de Agosto', 55765),
(2350, '5 de Mayo', 55749),
(2351, 'Ampliación 5 de Mayo', 55749),
(2352, 'Ampliación de la Concepción', 55778),
(2353, 'Ampliación Ejido de Tecámac', 55748),
(2354, 'Ampliación la Palma (Zona Industrial)', 55758),
(2355, 'Ampliación Ozumbilla', 55766),
(2356, 'Ampliación San Jerónimo', 55745),
(2357, 'Atlautenco', 55760),
(2358, 'Azul', 55749),
(2359, 'Bosques de los Héroes', 55767),
(2360, 'Buenavista', 55755),
(2361, 'Conjunto urbano Real Verona', 55767),
(2362, 'Cuauhtémoc', 55768),
(2363, 'Del Catillo', 55749),
(2364, 'Ejidal', 55757),
(2365, 'Ejido de Tecámac', 55748),
(2366, 'El Calvario', 55740),
(2367, 'El Calvario de Ozumbilla', 55760),
(2368, 'El Calvario de Reyes Acozac', 55755),
(2369, 'Electricistas', 55749),
(2370, 'Esmeralda', 55765),
(2371, 'Ex Hacienda San Miguel Tenopala', 55746),
(2372, 'Galaxias el Llano', 55740),
(2373, 'Granjas Valle de Guadalupe', 55765),
(2374, 'Guadalupe de Reyes Acozac', 55755),
(2375, 'Hacienda del Bosque', 55743),
(2376, 'Hacienda Provenzal', 55773),
(2377, 'Hueyotenco', 55749),
(2378, 'Isidro Fabela', 55743),
(2379, 'Ixotitla', 55749),
(2380, 'Jardines de Tecámac', 55749),
(2381, 'Jardines de Xonacahuacan', 55745),
(2382, 'Jema', 55748),
(2383, 'Jesús Romero Flores', 55765),
(2384, 'La Azteca', 55768),
(2385, 'La Campiña', 55755),
(2386, 'La Cañada', 55765),
(2387, 'La Michapa', 55755),
(2388, 'La Nopalera', 55749),
(2389, 'La Palma', 55743),
(2390, 'La Palma de Reyes', 55755),
(2391, 'Loma Bonita', 55767),
(2392, 'Loma de San Jerónimo (Ampliación Santo Domingo)', 55754),
(2393, 'Lomas de Ozumbilla', 55768),
(2394, 'Lomas de San Pedro Atzompa', 55776),
(2395, 'Lomas de Tecámac', 55765),
(2396, 'Los Arcos', 55767),
(2397, 'Los Héroes Ozumbilla', 55764),
(2398, 'Los Héroes San Pablo', 55765),
(2399, 'Los Héroes Tecámac', 55763),
(2400, 'Los Héroes Tecámac II', 55764),
(2401, 'Los Olivos', 55748),
(2402, 'Los Olivos', 55748),
(2403, 'Los Reyes Acozac', 55755),
(2404, 'Magisterial', 55760),
(2405, 'Margarito F. Ayala', 55764),
(2406, 'Mexicanos Unidos', 55760),
(2407, 'México Independiente', 55765),
(2408, 'Montecarlo', 55749),
(2409, 'Norchuca', 55769),
(2410, 'Nueva Santa María', 55749),
(2411, 'Nueva Santa María (De San Pablo Tecalco)', 55747),
(2412, 'Nueva Tlalnepantla', 55765),
(2413, 'Nuevo México', 55745),
(2414, 'Nuevo Paraíso', 55764),
(2415, 'Ojo de Agua', 55770),
(2416, 'Paseos de Tecámac', 55754),
(2417, 'Paseos del Bosque', 55767),
(2418, 'Portal Ojo de Agua', 55760),
(2419, 'Primero de Marzo', 55748),
(2420, 'Progreso', 55755),
(2421, 'Punta Palermo', 55767),
(2422, 'Rancho la Capilla', 55746),
(2423, 'Rancho la Luz', 55743),
(2424, 'Real Carrara', 55767),
(2425, 'Real Castell', 55767),
(2426, 'Real del Cid', 55767),
(2427, 'Real del Sol', 55767),
(2428, 'Real Firenze', 55767),
(2429, 'Real Granada', 55743),
(2430, 'Real Toscana', 55767),
(2431, 'Rinconada San Pedro', 55770),
(2432, 'San Antonio (de San Francisco Cuautliquixca)', 55768),
(2433, 'San Antonio de San Pablo Tecalco', 55747),
(2434, 'San Francisco Cuautliquixca', 55760),
(2435, 'San Isidro Citlalcóatl', 55747),
(2436, 'San Jerónimo Xonacahuacan', 55745),
(2437, 'San José', 55748),
(2438, 'San Juan Pueblo Nuevo', 55752),
(2439, 'San Lucas Xolox', 55757),
(2440, 'San Martín Azcatepec', 55748),
(2441, 'San Mateo Tecalco', 55748),
(2442, 'San Miguel', 55755),
(2443, 'San Nicolás la Redonda', 55743),
(2444, 'San Pablo Tecalco', 55747),
(2445, 'San Pedro (El Terremoto)', 55770),
(2446, 'San Pedro Atzompa', 55770),
(2447, 'San Pedro Potzohuacan', 55744),
(2448, 'Santa Cruz', 55767),
(2449, 'Santa Cruz Tecámac', 55746),
(2450, 'Santa María Ajoloapan', 55750),
(2451, 'Santa María Ozumbilla', 55760),
(2452, 'Santo Domingo Ajoloapan', 55754),
(2453, 'Sierra Hermosa', 55749),
(2454, 'Soto y Gama', 55765),
(2455, 'Tecámac de Felipe Villanueva Centro', 55740),
(2456, 'Texcaltitla', 55749),
(2457, 'Tezontla', 55768),
(2458, 'Valle San Pedro Urbi Villa del Campo', 55767),
(2459, 'Villa del Real', 55749),
(2460, 'Vista Hermosa', 55749),
(2461, 'Vista Hermosa (De Ozumbilla)', 55768),
(2462, 'Acamuchitlán', 51427),
(2463, 'Agua Bendita', 51410),
(2464, 'Agua Negra', 51417),
(2465, 'Aguacate-Monte de Dios', 51427),
(2466, 'Almoloya de las Granadas', 51418),
(2467, 'Antimonio', 51423),
(2468, 'Antimonio Pantoja', 51423),
(2469, 'Antonio de San Lucas del Maíz', 51416),
(2470, 'Arballo', 51423),
(2471, 'Barranca de Ixtapan', 51428),
(2472, 'Barro Prieto', 51435),
(2473, 'Bejucos de Sánchez Colin', 51430),
(2474, 'Benito Juárez (Lázaro Cárdenas del Río)', 51436),
(2475, 'Buenavista', 51410),
(2476, 'Cacahuananche', 51435),
(2477, 'Campanario de Ixtapan (El Campanario)', 51428),
(2478, 'Cañadas de San Simón (Cañada de Chivas)', 51415),
(2479, 'Cerro Alto (Milpa Vieja)', 51418),
(2480, 'Cerro de Cacalotepec', 51410),
(2481, 'Cerro de los Elizaldes', 51432),
(2482, 'Cerro de los Huérfanos', 51432),
(2483, 'Cerro de Mazatepec', 51412),
(2484, 'Cerro del Chirimoyo', 51425),
(2485, 'Cerro del Divisadero', 51425),
(2486, 'Cerro Gordo', 51422),
(2487, 'Coahuilotes', 51434),
(2488, 'Cuadrilla de Leones', 51414),
(2489, 'Cuadrilla de López', 51427),
(2490, 'Cuadrilla de los Martínez (Los Martínez)', 51417),
(2491, 'Cuadrilla del Molino', 51432),
(2492, 'Cuevillas', 51417),
(2493, 'El Burrito (El Sauz)', 51427),
(2494, 'El Calvario', 51415),
(2495, 'El Capire', 51410),
(2496, 'El Capire de Pantoja', 51423),
(2497, 'El Carmen de Ixtapan', 51427),
(2498, 'El Cirián de la Laguna (El Cirián)', 51415),
(2499, 'El Ciruelo', 51432),
(2500, 'El Corupo', 51433),
(2501, 'El Cuagüilote Ojo de Agua (La Pera)', 51410),
(2502, 'El Guayabo', 51434),
(2503, 'El Jumate', 51433),
(2504, 'El Limón de la Estancia', 51422),
(2505, 'El Mamey de San Lucas', 51417),
(2506, 'El Molino del Salto (Galera del Molino)', 51436),
(2507, 'El Naranjo Grande', 51434),
(2508, 'El Ocote', 51412),
(2509, 'El Picacho del Rincón del Guayabal', 51437),
(2510, 'El Platanal (El Platanal de San Lucas)', 51417),
(2511, 'El Potrero de Ixtapan (El Potrero)', 51428),
(2512, 'El Puerto del Blanqueadero (Peñas Pintas)', 51436),
(2513, 'El Rodeo', 51422),
(2514, 'El Salitre Segunda Seccción', 51415),
(2515, 'El Salto (El Salto Dos)', 51436),
(2516, 'El Sauz Ocotepec (El Sauz)', 51424),
(2517, 'El Sol', 51412),
(2518, 'El Zapote de Acamuchitlán (El Zapote)', 51433),
(2519, 'El Zapote de Ixtapan (El Zapote)', 51425),
(2520, 'Emiliano Zapata', 51412),
(2521, 'Encinos Verdes', 51424),
(2522, 'Epazotes', 51415),
(2523, 'Fragüita', 51414),
(2524, 'Fundadora de San Lucas del Maíz', 51417),
(2525, 'Hacienda de Ixtapan', 51425),
(2526, 'Hidalgo', 51400),
(2527, 'Ilamos', 51426),
(2528, 'Independencia', 51412),
(2529, 'ISSEMYM', 51414),
(2530, 'Jalpan (Jalpan San Simón)', 51410),
(2531, 'Juárez', 51412),
(2532, 'Juluapan (Juloapan)', 51425),
(2533, 'Jumiltepec', 51415),
(2534, 'Juntas de Zacatepec (El Pedregal 2da. Manzana)', 51412),
(2535, 'La Angostura Primera', 51417),
(2536, 'La Bolsa', 51434),
(2537, 'La Cabecera (Cabecera de los Arrayanes)', 51414),
(2538, 'La Calera', 51433),
(2539, 'La Calera', 51435),
(2540, 'La Cañada', 51432),
(2541, 'La Cofradía (Los Mangos)', 51415),
(2542, 'La Cuitacera', 51434),
(2543, 'La Estancia de Ixtapan', 51422),
(2544, 'La Florida', 51400),
(2545, 'La Florida (Kilómetro 5)', 51428),
(2546, 'La Guitarra', 51426),
(2547, 'La Isla', 51400),
(2548, 'La Joya de San Lucas', 51416),
(2549, 'La Labor de Zaragoza', 51422),
(2550, 'La Laguna de Mazatepec', 51412),
(2551, 'La Mesa', 51433),
(2552, 'La Palma Cuata (La Palma)', 51436),
(2553, 'La Parota (Rancho las Parotas)', 51437),
(2554, 'Las Américas', 51412),
(2555, 'Las Ánimas', 51424),
(2556, 'Las Anonas', 51434),
(2557, 'Las Ilamas', 51434),
(2558, 'Las Juntas', 51427),
(2559, 'Las Juntas de Ixtapan', 51426),
(2560, 'Las Juntas del Salto', 51436),
(2561, 'Las Lomas (Los Depósitos)', 51436),
(2562, 'Las Mesas de Ixtapan (Las Mesas)', 51428),
(2563, 'Las Mesas de los Capires (Las Mesas)', 51432),
(2564, 'Las Moras', 51425),
(2565, 'Las Rosas', 51412),
(2566, 'Limón de San Lucas del Maíz', 51417),
(2567, 'Llano Grande', 51424),
(2568, 'Llano Grande (Llano Grande de San Lucas)', 51416),
(2569, 'Lodo Prieto', 51425),
(2570, 'Lomas de Tejupilco', 51412),
(2571, 'Los Baños', 51413),
(2572, 'Los Colorines', 51414),
(2573, 'Los Melchores de San Lucas (Los Melchores)', 51417),
(2574, 'Los Nopales', 51425),
(2575, 'Los Pericones', 51414),
(2576, 'Los Pinzanes (La Pinzanera)', 51434),
(2577, 'Luis Donaldo Colosio', 51412),
(2578, 'Mazatepec', 51412),
(2579, 'Mesa de Gallos (El Llano)', 51436),
(2580, 'México 68', 51412),
(2581, 'Monte de Dios', 51427),
(2582, 'Naranjo Chiquito', 51434),
(2583, 'Ocoyapan', 51422),
(2584, 'Ojo de Agua (Rincón de Ugarte)', 51410),
(2585, 'Pantoja', 51423),
(2586, 'Paredes Prietas', 51437),
(2587, 'Paso de la Parota', 51435),
(2588, 'Paso de San Juan', 51434),
(2589, 'Paso de Vigas', 51414),
(2590, 'Paso del Guayabal (El Paso)', 51435),
(2591, 'Piedra Ancha', 51416),
(2592, 'Pinzán Morado', 51427),
(2593, 'Plan de Maguey', 51413),
(2594, 'Plan del Puente', 51435),
(2595, 'Planes de la Cofradía (Los Planes)', 51433),
(2596, 'Plaza de Gallos', 51427),
(2597, 'Potrero del Guayabal', 51432),
(2598, 'Potrero Grande', 51436),
(2599, 'Puerto de Jalpan (Jalpa)', 51425),
(2600, 'Puerto del Aire', 51426),
(2601, 'Puerto la Piedra Labrada (Pto. de Carboneras)', 51432),
(2602, 'Puerto Madroño', 51413),
(2603, 'Rincón Chiquito', 51425),
(2604, 'Rincón de Aguirre', 51412),
(2605, 'Rincón de Carboneras (Carboneras)', 51432),
(2606, 'Rincón de Jaimes', 51412),
(2607, 'Rincón de López', 51410),
(2608, 'Rincón de San Gabriel', 51413),
(2609, 'Rincón de Ugartes', 51410),
(2610, 'Rincón del Carmen', 51412),
(2611, 'Rincón del Guayabal', 51432),
(2612, 'Rincón del Naranjo La Cabecera', 51414),
(2613, 'Rincón el Sauz Ocotepec', 51424),
(2614, 'Rinconada de la Labor', 51412),
(2615, 'Río Chiquito', 51433),
(2616, 'Río de Aquiagua (Aquiagua)', 51412),
(2617, 'Río Grande', 51418),
(2618, 'Salitre de Acamuchitlán (El Salitre)', 51427),
(2619, 'Salitre de San Lucas', 51415),
(2620, 'Salto Grande', 51427),
(2621, 'San Andrés Ocotepec', 51413),
(2622, 'San Francisco', 51425),
(2623, 'San Gabriel Pantoja', 51413),
(2624, 'San José de la Laguna', 51410),
(2625, 'San Lucas del Maíz (San Lucas)', 51416),
(2626, 'San Mateo (San Mateo Ixtapan)', 51427),
(2627, 'San Miguel Ixtapan', 51426),
(2628, 'Sánchez', 51400),
(2629, 'Santa María de las Flores', 51428),
(2630, 'Santa Rosa (Las Juntas)', 51428),
(2631, 'Santa Rosa Rincón de Jaimes', 51428),
(2632, 'Santiago Arizmendi', 51423),
(2633, 'Sauz de San Lucas (El Sauz)', 51417),
(2634, 'Suquitila', 51415),
(2635, 'Tejapan Limones (Tejapan)', 51433),
(2636, 'Tejupilco de Hidalgo Centro', 51400),
(2637, 'Tenería (Pueblo Nuevo)', 51418),
(2638, 'Tirados', 51427),
(2639, 'Tonatilco', 51427),
(2640, 'Vicente Guerrero', 51412),
(2641, 'Zacatepec', 51412),
(2642, 'Zapote del Ancón', 51422),
(2643, 'Ampliación Potrero', 56654),
(2644, 'Cuautitla', 56650),
(2645, 'El Cabi', 56657),
(2646, 'El Tejocote', 56654),
(2647, 'El Tejocote (Colonia Jesús Estudillo L.)', 56654),
(2648, 'Guadalupana', 56650),
(2649, 'La Estación (La Caseta)', 56650),
(2650, 'Los Reyes Acatlixhuayan', 56655),
(2651, 'Predio de los Albertocos', 56650),
(2652, 'San Juan Temamatla', 56650),
(2653, 'San Judas Tadeo', 56656),
(2654, 'Santiago Zula', 56653),
(2655, 'Tenexcaltitla', 56657),
(2656, 'Tepancal', 56656),
(2657, 'Tepetitla', 56650),
(2658, 'Xalpa', 56650),
(2659, 'Álvaro Obregón', 55996),
(2660, 'Atempan', 55985),
(2661, 'Axalpa', 55994),
(2662, 'Belén', 55984),
(2663, 'De Dolores', 55980),
(2664, 'De la Cruz', 55980),
(2665, 'El Abrojal o Barranquillas', 55983),
(2666, 'El Chopo', 55983),
(2667, 'El Tejocote', 55998),
(2668, 'Ex Hacienda de Paula', 55993),
(2669, 'Ixtlahuaca de Cuauhtémoc', 55990),
(2670, 'La Estrella', 55993),
(2671, 'La Presa', 55996),
(2672, 'Las Pintas', 55988),
(2673, 'Mihuacán', 55995),
(2674, 'Ocotitlán', 55984),
(2675, 'Presa del Rey', 55989),
(2676, 'San Antonio', 55980),
(2677, 'San Bartolomé Actopan', 55980),
(2678, 'San Cipriano (Rancho el Piojo)', 55984),
(2679, 'San Cristóbal Colhuacán', 55997),
(2680, 'San Ignacio', 55984),
(2681, 'San José', 55980),
(2682, 'San Juan Teacalco', 55980),
(2683, 'San Luis', 55995),
(2684, 'San Luis Tecuahutitlan', 55995),
(2685, 'San Mateo Teopancala', 55993),
(2686, 'San Miguel', 55980),
(2687, 'San Miguel Atlamajac', 55998),
(2688, 'Santa Ana Tlachiahualpa', 55994),
(2689, 'Santa María Maquixco (El Alto)', 55996),
(2690, 'Tepehuixco', 55985),
(2691, 'Tontiopa', 55994),
(2692, 'Ahuacatitlán Centro', 50413),
(2693, 'Ahuacatitlán Cuarto y Quinto Cuartel', 50413),
(2694, 'Andaro', 50415),
(2695, 'Bachini', 50420),
(2696, 'Barrio de Shelle', 50414),
(2697, 'Barrio las Peñas', 50434),
(2698, 'Bombaro', 50420),
(2699, 'Bonsho', 50410),
(2700, 'Boqui', 50420),
(2701, 'Boshesdá', 50420),
(2702, 'Calderas', 50444),
(2703, 'Cerritos de Cárdenas', 50444),
(2704, 'Cuadrilla', 50433),
(2705, 'Del Calvario', 50400),
(2706, 'Del Socorro', 50410),
(2707, 'El Garay', 50446),
(2708, 'El Rodeo', 50445),
(2709, 'El Tejocote (La Loma)', 50447),
(2710, 'Estación Solís (Estación Alberto Garduño)', 50435),
(2711, 'Ex-hacienda de Solís', 50443),
(2712, 'Guadalupe Ixtapa', 50447),
(2713, 'Ixtapa', 50447),
(2714, 'Juanacatlán', 50430),
(2715, 'La Corona', 50415),
(2716, 'La Estanzuela', 50434),
(2717, 'La Huerta', 50433),
(2718, 'La Loma de San Mateo', 50414),
(2719, 'La Magdalena', 50410),
(2720, 'La Magdalena Bosha', 50413),
(2721, 'La Magdalena Cruz Blanca', 50410),
(2722, 'La Mesa del Venado', 50445),
(2723, 'Los Chamacueros', 50434),
(2724, 'Los Pastores (Pastores Segundo Barrio)', 50423),
(2725, 'Los Pinos', 50443),
(2726, 'Maro', 50410),
(2727, 'Mesa de Bañi', 50434),
(2728, 'Mesa de Bombaro', 50420),
(2729, 'Mesa de los Garnica', 50434),
(2730, 'Mesa de Santiago (La Mesa)', 50434),
(2731, 'Mogote de la Campana', 50444),
(2732, 'Pastores Primer Barrio', 50423),
(2733, 'Pozo de las Palomas', 50445),
(2734, 'Pueblo Nuevo Solís (La Estancia)', 50440),
(2735, 'Puente', 50415),
(2736, 'Puruahua', 50410),
(2737, 'San Antonio Solís', 50446),
(2738, 'San Francisco Solís', 50433),
(2739, 'San Francisco Tepeolulco', 50424),
(2740, 'San Francisco Tepeolulco Primer Barrio', 50424),
(2741, 'San Francisco Tepeolulco Segundo Barrio', 50424),
(2742, 'San Francisco Tepeolulco Tercer Barrio la Mesa', 50424),
(2743, 'San José Ixtapa', 50447),
(2744, 'San José los Reyes', 50446),
(2745, 'San José Solís', 50443),
(2746, 'San Juanico Centro', 50425),
(2747, 'San Juanico el Alto (San Juanico)', 50425),
(2748, 'San Mateo el Viejo', 50414),
(2749, 'San Miguel Solís', 50443),
(2750, 'San Nicolás Solís', 50444),
(2751, 'San Pedro de la Loma', 50423),
(2752, 'San Pedro el Alto', 50414),
(2753, 'San Pedro Potla Centro', 50423),
(2754, 'San Pedro Potla Primer Barrio Ejido', 50423),
(2755, 'San Pedro Potla Segundo Barrio', 50423),
(2756, 'San Pedro Potla Tercer Barrio', 50423),
(2757, 'San Vicente Solís', 50433),
(2758, 'Santa Ana Yenshu Centro', 50424),
(2759, 'Santa Ana Yenshu Ejido', 50424),
(2760, 'Santa Ana Yenshu La Mesa', 50424),
(2761, 'Santa Lucía (Ejido de San Mateo el Viejo)', 50414),
(2762, 'Santa María Canchesda', 50434),
(2763, 'Santa María Solís', 50443),
(2764, 'Santa Rosa Solís', 50444),
(2765, 'Santiago Coachochitlán', 50420),
(2766, 'Santiago Coachochitlán Barrio del Rincón', 50420),
(2767, 'Temascalcingo de José María Velazco', 50400),
(2768, 'Balveria', 51300),
(2769, 'Cajones', 51346),
(2770, 'Carnicería', 51300),
(2771, 'Cieneguillas de González (Cieneguillas)', 51325),
(2772, 'Cieneguillas de Labra', 51346),
(2773, 'De Cantarranas', 51300),
(2774, 'De Doña Rosa', 51300),
(2775, 'De Santiago', 51300),
(2776, 'Del Fortín', 51300),
(2777, 'Del Temeroso', 51300),
(2778, 'El Cerro Pelón', 51305),
(2779, 'El Chilar del Ejido de las Trancas', 51314),
(2780, 'El Peñón', 51305),
(2781, 'El Salitre', 51310),
(2782, 'El Tule', 51304),
(2783, 'El Varal', 51345),
(2784, 'Granjas de Cieneguillas', 51325),
(2785, 'Hoyos de Vázquez', 51324),
(2786, 'Jesús del Monte', 51326),
(2787, 'La Albarrada (San Francisco la Albarrada)', 51304),
(2788, 'La Cascada (Barrio del Varal)', 51300),
(2789, 'La Comunidad', 51325),
(2790, 'La Cumbre', 51346),
(2791, 'La Estancia de Tequesquipan', 51344),
(2792, 'La Finca', 51310),
(2793, 'La Guacamaya', 51346),
(2794, 'La Laguna', 51344),
(2795, 'La Magdalena (La Magdalena)', 51300),
(2796, 'Labor las Cabras', 51346),
(2797, 'Lampazos', 51315),
(2798, 'Las Mesas de Real de Arriba', 51340),
(2799, 'Las Trancas', 51314),
(2800, 'Los Ocotes', 51344),
(2801, 'Los Timbres', 51304),
(2802, 'Manzana de Tequesquipan (Las Manzanas)', 51346),
(2803, 'Manzana del Jabalí', 51346),
(2804, 'Mesón Viejo', 51323),
(2805, 'Milán', 51300),
(2806, 'Milpas Viejas', 51340),
(2807, 'Mina del Rincón', 51340),
(2808, 'Pedregales de Tequesquipan', 51344),
(2809, 'Plan de Vigas', 51346),
(2810, 'Potrero de San José (La Rinconada)', 51320),
(2811, 'Potrero de Tenayac', 51314),
(2812, 'Pueblo Nuevo', 51344),
(2813, 'Real de Arriba', 51340),
(2814, 'Real de Arriba', 51340),
(2815, 'Rincón de Atarasquillo', 51344),
(2816, 'Rincón de San Andrés', 51340),
(2817, 'Rincón de Tequesquipan', 51344),
(2818, 'San Andrés de los Gama', 51340),
(2819, 'San Antonio Albarranes', 51325),
(2820, 'San Francisco', 51300),
(2821, 'San Francisco Oxtotilpan', 51323),
(2822, 'San Juan', 51344),
(2823, 'San Lucas del Pulque', 51303),
(2824, 'San Martín Tequesquipan (Tequesquipan)', 51344),
(2825, 'San Mateo Almomoloa', 51320),
(2826, 'San Miguel Oxtotilpan', 51324),
(2827, 'San Pedro Tenayac', 51314),
(2828, 'San Sebastián Carboneras (Carboneras)', 51300),
(2829, 'Santanas', 51325),
(2830, 'Telpintla', 51304),
(2831, 'Temascaltepec de González', 51300),
(2832, 'Adolfo lópez Mateos', 50863),
(2833, 'Allende', 50895),
(2834, 'Buena Ventura', 50880),
(2835, 'Calle Real', 50864),
(2836, 'Campamento Kilometro 48', 50874),
(2837, 'Centro Ceremonial Otomí', 50868),
(2838, 'Cerrito del Panal', 50864),
(2839, 'De Trojes (San Antonio del Puente)', 50880),
(2840, 'Dolores', 50883),
(2841, 'Emiliano Zapata (Ejido Santiago Temoaya)', 50890),
(2842, 'Enthavi', 50865),
(2843, 'Enthavi 2da. Sección', 50866),
(2844, 'Enthavi 3ra Sección Ojo de Agua', 50865),
(2845, 'Hacienda las Trojes', 50880),
(2846, 'Jiquipilco el Viejo', 50863),
(2847, 'La Cañada', 50863),
(2848, 'La Magdalena Tenexpan', 50874),
(2849, 'La Magdalena Tenexpan 3ra. Sección', 50886),
(2850, 'La Magdalena Tenexpan 4ta. Sección', 50886),
(2851, 'Las Lomas', 50895),
(2852, 'Laurel 1ra. Sección', 50867),
(2853, 'Laureles 2da Sección', 50867),
(2854, 'Lázaro Cárdenas', 50890),
(2855, 'Llano de la Y', 50884),
(2856, 'Loma Alta', 50864),
(2857, 'Loma de San Nicolás', 50886),
(2858, 'Lomas del Progreso', 50880),
(2859, 'Luis Donaldo Colosio Murrieta', 50866),
(2860, 'Mimbres', 50870),
(2861, 'Molino Abajo', 50886),
(2862, 'Molino Arriba', 50874),
(2863, 'Morelos', 50883),
(2864, 'Pothé', 50860),
(2865, 'Rinconada del Valle', 50885),
(2866, 'San Antonio del Puente', 50880),
(2867, 'San Diego Alcalá', 50890),
(2868, 'San José Buenavista el Grande', 50885),
(2869, 'San José Comalco', 50893),
(2870, 'San José las Lomas', 50894),
(2871, 'San José Pathé', 50880),
(2872, 'San Lorenzo Oyamel', 50870),
(2873, 'San Mateo Alcalá', 50893),
(2874, 'San Pedro Abajo', 50866),
(2875, 'San Pedro Abajo 1ra Sección (Loma del Caracol)', 50867),
(2876, 'San Pedro Abajo 2da Sección (Loma Larga)', 50866),
(2877, 'San Pedro Arriba', 50867),
(2878, 'San Pedro Arriba 2da. Sección', 50867),
(2879, 'San Pedro Arriba 3a Sección', 50867),
(2880, 'San Pedro Arriba 4ta Sección (Cinco Reales)', 50867),
(2881, 'San Pedro Arriba 5ta Sección (San Lorencito)', 50867),
(2882, 'Silverio Galicia García', 50890),
(2883, 'Solalpan 1ra. Sección', 50866),
(2884, 'Solalpan 2da Sección', 50865),
(2885, 'Taborda', 50896),
(2886, 'Temoaya', 50850),
(2887, 'Tierra Blanca', 50863),
(2888, 'Tlaltenango Abajo', 50860),
(2889, 'Tlaltenango Arriba', 50860),
(2890, 'Tlaltenanguito', 50866),
(2891, 'Zanja Vieja', 50866),
(2892, '14 de Marzo', 52420),
(2893, 'Acatzingo (Acatzingo de la Piedra)', 52435),
(2894, 'Atotonilco', 52410),
(2895, 'Capilla de Guadalupe', 52410),
(2896, 'Capilla de los Remedios', 52410),
(2897, 'Chalchihuapan', 52420),
(2898, 'Convento del Santo Desierto del Carmen', 52437),
(2899, 'Cruz Vidriada', 52433),
(2900, 'De Teotla', 52410),
(2901, 'Del Calvario', 52410),
(2902, 'Ejército del Trabajo', 52435),
(2903, 'Ejido de Tenería (El Llano)', 52433),
(2904, 'El Carmen (El Desierto del Carmen)', 52437),
(2905, 'El Carrizal', 52410),
(2906, 'El Chiflón', 52403),
(2907, 'El Salitre', 52436),
(2908, 'Emiliano Zapata Ejido de Tenancingo', 52433),
(2909, 'Emiliano Zapata Ejido Tepetzingo', 52435),
(2910, 'Francisco Zarco', 52416),
(2911, 'Guadalupe Victoria', 52427),
(2912, 'Gualupita', 52420),
(2913, 'ISSEMYM', 52400),
(2914, 'Ixpuichiapan', 52430),
(2915, 'Ixpuichiapan', 52435),
(2916, 'La Barranca', 52400),
(2917, 'La Cienega', 52436),
(2918, 'La Compuerta', 52415),
(2919, 'La Lagunilla', 52435),
(2920, 'La Loma', 52437),
(2921, 'La Mesita', 52416),
(2922, 'La Ocotalera', 52415),
(2923, 'La Trinidad', 52436),
(2924, 'Las Casuarinas', 52436),
(2925, 'Lázaro Cárdenas Ixpuchiapan', 52437),
(2926, 'Los Morales', 52416),
(2927, 'Morelos', 52410),
(2928, 'Plan de San Martín', 52416),
(2929, 'Pueblo Nuevo', 52436),
(2930, 'Quetzalapa', 52435),
(2931, 'Rinconada de Santa Teresa', 52415),
(2932, 'San Antonio Agua Bendita', 52413),
(2933, 'San Diego', 52410),
(2934, 'San Francisco Tepetzingo', 52435),
(2935, 'San Gabriel Zepayautla', 52423),
(2936, 'San Isidro', 52403),
(2937, 'San José Chalmita', 52434),
(2938, 'San José el Cuartel', 52430),
(2939, 'San José Tenería', 52433),
(2940, 'San Juan Tetitlán', 52420),
(2941, 'San Juan Xochiaca (Xochiaca)', 52423),
(2942, 'San Martín Coapaxtongo', 52416),
(2943, 'San Mateo', 52420),
(2944, 'San Miguel Tecomatlán', 52425),
(2945, 'San Nicolás', 52437),
(2946, 'San Pedrito', 52400),
(2947, 'San Pedro Ejido Tecomatlán', 52425),
(2948, 'San Ramón', 52420),
(2949, 'San Simonito', 52424),
(2950, 'San Vicente', 52410),
(2951, 'Santa Ana Ixtlahuatzingo (Santa Ana)', 52414),
(2952, 'Santa Cruz Xochiaca', 52427),
(2953, 'Santa Teresita Acatzingo', 52435),
(2954, 'Shiperes', 52403),
(2955, 'Tenancingo de Degollado Centro', 52400),
(2956, 'Tepalcatepec', 52435),
(2957, 'Tepetzingo', 52435),
(2958, 'Tepoxtepec', 52426),
(2959, 'Terrenate', 52435),
(2960, 'Tierra Blanca', 52410),
(2961, 'Valle de Guadalupe', 52433),
(2962, 'Vimate', 52436),
(2963, 'Barranca Prieta ', 54680),
(2964, 'Casa Nueva ', 54680),
(2965, 'Huehuetoca ', 54680),
(2966, 'Jardines de Huehuetoca ', 54680),
(2967, 'La Cañada ', 54685),
(2968, 'Puente Grande ', 54680),
(2969, 'San Bartolo ', 54680),
(2970, 'Salitrillo ', 54680),
(2971, 'San Miguel Jagueyes ', 54680),
(2972, 'San Pedro Xalpa ', 54684),
(2973, 'Santa Maria ', 54680),
(2974, 'Santiago Tlaltepaxco ', 54680),
(2975, 'Xalpa Sa ', 54684),
(2976, 'Xalpa ', 54683),
(2977, 'Casa Blanca ', 55676),
(2978, 'El Carmen ', 55694),
(2979, 'Emiliano Zapata ', 55690),
(2980, 'Hueypoxtla ', 55670),
(2981, 'Jilotzingo ', 55690),
(2982, 'La Gloria ', 55684),
(2983, 'Nopala ', 55689),
(2984, 'San Francisco Zacacalco ', 55680),
(2985, 'San Jose Bata ', 55697),
(2986, 'San Marcos Jilotzingo ', 55690),
(2987, 'Santa Maria Ajoloapan ', 55679),
(2988, 'Tezontlalpa de Zapata ', 55670),
(2989, 'Tianguistongo ', 55683),
(2990, '2 Rios ', 52790);
INSERT INTO `colonia` (`CLAVE_COLONIA`, `COLONIA_NOMBRE`, `CP`) VALUES
(2991, 'Agua Bendita ', 52799),
(2992, 'Agua Blanca ', 52799),
(2993, 'Ampliacion Polo Solo ', 52778),
(2994, 'Balcones de la Herradura ', 52785),
(2995, 'Bosques del Guarda ', 52794),
(2996, 'Bosques de la Herradura ', 52783),
(2997, 'Bosques de las Palmas ', 52787),
(2998, 'Canales ', 52795),
(2999, 'Celco ', 52776),
(3000, 'Club de Golf Residencial ', 52787),
(3001, 'Conjunto Urbano Bosque Real ', 52774),
(3002, 'Constituyentes de 1917 ', 52775),
(3003, 'El Arenal ', 52774),
(3004, 'El Bosque ', 52777),
(3005, 'El Cerrito ', 52760),
(3006, 'El Hielo ', 52794),
(3007, 'El Laurel ', 52799),
(3008, 'El Mirador ', 52793),
(3009, 'El Olivo ', 52789),
(3010, 'El Olivo ', 52789),
(3011, 'El Pedregal ', 52774),
(3012, 'El Olivo ', 52789),
(3013, 'El Palacio ', 52767),
(3014, 'El Zapote ', 52775),
(3015, 'Federal Burocratica ', 52777),
(3016, 'Esfuerzo Obrero ', 52765),
(3017, 'Frondoso Torres ', 52788),
(3018, 'Green House ', 52779),
(3019, 'Galardon ', 52785),
(3020, 'Hacienda de las Palmas ', 52763),
(3021, 'Industria Militar Y Cove ', 52765),
(3022, 'Ignacio Allende ', 52767),
(3023, 'Huixquilucan de Degollado Centro ', 52760),
(3024, 'Jardines de la Herradura ', 52778),
(3025, 'Jesus del Monte ', 52764),
(3026, 'La Cañada ', 52769),
(3027, 'La Cima ', 52769),
(3028, 'La Herradura 1a Secc ', 52784),
(3029, 'La Herradura ', 52784),
(3030, 'La Herradura 2a Secc ', 52784),
(3031, 'La Herradura 3a Secc ', 52784),
(3032, 'La Glorieta ', 52794),
(3033, 'La Magdalena Chichicaspa ', 52773),
(3034, 'La Retama ', 52764),
(3035, 'La Pera ', 52790),
(3036, 'La Union ', 52776),
(3037, 'Las Canteras ', 52783),
(3038, 'Lomas Anahuac ', 52786),
(3039, 'Loma Cebada O la Cebada ', 52779),
(3040, 'Lomas del Sol ', 52789),
(3041, 'Lomas de las Palmas ', 52788),
(3042, 'Lomas Country Club ', 52779),
(3043, 'Lomas de Tecamachalco Secc Cumbres ', 52780),
(3044, 'Lomas del Olivo ', 52788),
(3045, 'Lomas del Carmen ', 52776),
(3046, 'Lomas de la Herradura ', 52785),
(3047, 'Lomas de Tecamachalco ', 52780),
(3048, 'Llano Grande ', 52799),
(3049, 'Magnocentro Secc Palmas ', 52786),
(3050, 'Monton Cuarteles ', 52779),
(3051, 'Navidad ', 52765),
(3052, 'Palo Solo ', 52778),
(3053, 'Paradice ', 52777),
(3054, 'Parques de la Herradura ', 52786),
(3055, 'Paseo de las Palmas ', 52787),
(3056, 'Piedra Grande ', 52799),
(3057, 'Pirules ', 52779),
(3058, 'Rinconada de la Herradura ', 52777),
(3059, 'San Bartolome Coatepec ', 52770),
(3060, 'San Cristobal Texcalucan ', 52796),
(3061, 'San Fernando ', 52765),
(3062, 'San Francisco Ayotuxco ', 52798),
(3063, 'San Fernando ', 52765),
(3064, 'San Jose Huiloteapan ', 52797),
(3065, 'San Jacinto ', 52766),
(3066, 'San Juan Yautepec ', 52768),
(3067, 'San Ramon ', 52766),
(3068, 'Santa Cruz Ayotuxco ', 52795),
(3069, 'Santiago Yanhuitlalpan ', 52766),
(3070, 'Tierra Y Libertad ', 52775),
(3071, 'Valle de las Palmas ', 52787),
(3072, 'Villa Florence ', 52763),
(3073, 'Villa de las Lomas ', 52787),
(3074, 'Zacamulpa ', 52766),
(3075, 'Isidro Fabela ', 54480),
(3076, 'La Palma ', 54485),
(3077, 'Los Laureles ', 54483),
(3078, 'Miraflores ', 54484),
(3079, 'Tlazala ', 54480),
(3080, 'Alfredo del Mazo ', 56577),
(3081, 'Ampliacion Hornos ', 56585),
(3082, 'Arboleda ', 56570),
(3083, 'Ayotla Centro ', 56560),
(3084, 'Buenaventura ', 56536),
(3085, 'Capilla 3 ', 56530),
(3086, 'Capilla 4 ', 56537),
(3087, 'Capilla 1 ', 56530),
(3088, 'Capilla 2 ', 56537),
(3089, 'Club Deportivo Acozac ', 56540),
(3090, 'Citlalmina ', 56540),
(3091, 'Coatepec ', 56580),
(3092, 'Cerro del Tejolote ', 56567),
(3093, 'Cuchilla Alfredo del Mazo ', 56579),
(3094, 'Coatepec ', 56580),
(3095, 'Dario Martinez Palacios ', 56530),
(3096, 'Dignidad Y Resistencia ', 56566),
(3097, 'Ejido el Capulin ', 56535),
(3098, 'El Caracol ', 56539),
(3099, 'El Carmen ', 56588),
(3100, 'Ejido el Capulin ', 56570),
(3101, 'El Capulin ', 56568),
(3102, 'El Molino ', 56553),
(3103, 'El Molinito ', 56577),
(3104, 'El Mirador del San Francisco ', 56587),
(3105, 'El Nopalito ', 56569),
(3106, 'El Mirador ', 56564),
(3107, 'El Rayo ', 56585),
(3108, 'El Tejocote ', 56567),
(3109, 'El Zapote ', 56569),
(3110, 'Emiliano Zapata 3a Secc ', 56557),
(3111, 'Emiliano Zapata ', 56554),
(3112, 'Emiliano Zapata ', 56550),
(3113, 'Emiliano Zapata 2a Secc ', 56557),
(3114, 'Escalerillas ', 56567),
(3115, 'Estado de Mexico ', 56576),
(3116, 'Emiliano Zapata 1a Secc ', 56558),
(3117, 'Filemon Alvarez ', 56569),
(3118, 'Escalerillas ', 56567),
(3119, 'Gral Manuel Avila Camacho ', 56599),
(3120, 'Geovillas de San Jacinto ', 56530),
(3121, 'Geovillas de Iztapaluca 2000 ', 56570),
(3122, 'Geovillas de Santa Barbara ', 56577),
(3123, 'Geovillas de Iztapaluca ', 56570),
(3124, 'Geovillas de Jesus Maria ', 56586),
(3125, 'Hiluilcamina ', 56566),
(3126, 'Hornos de Zoquiapan ', 56589),
(3127, 'Independencia ', 56563),
(3128, 'Hornos Santa Barbara ', 56570),
(3129, 'Ixtapaluca Centro ', 56530),
(3130, 'Jacarandas 2 ', 56530),
(3131, 'Jacarandas 1 ', 56530),
(3132, 'Jesus Maria ', 56585),
(3133, 'Jose de la Mora ', 56556),
(3134, 'Izcalli Ixtapaluca ', 56566),
(3135, 'Jardin Industrial ', 56535),
(3136, 'Jorge Jimenez Cantu ', 56589),
(3137, 'Jose Maria Luis Mora 2a Secc ', 56559),
(3138, 'La Cañada ', 56589),
(3139, 'Jose Maria Luis Mora 1a Secc ', 56559),
(3140, 'La Esperanza ', 56585),
(3141, 'La Huerta ', 56539),
(3142, 'La Hera ', 56530),
(3143, 'La Magdalena ', 56539),
(3144, 'La Virgen ', 56588),
(3145, 'Las Gladiolas ', 56566),
(3146, 'La Venta ', 56530),
(3147, 'Lindavista ', 56565),
(3148, 'Lomas de Ayotla ', 56565),
(3149, 'Loma Bonita ', 56563),
(3150, 'Loma Bonita ', 56563),
(3151, 'Los Heroes ', 56585),
(3152, 'Los Lavaderos ', 56566),
(3153, 'Magisterial ', 56565),
(3154, 'Luis Donaldo Colosio ', 56566),
(3155, 'Mirador ', 56587),
(3156, 'Mexico ', 56555),
(3157, 'Plutarco Elias Calles ', 56585),
(3158, 'Pueblo Nuevo ', 56584),
(3159, 'Residencial Acozac ', 56585),
(3160, 'Rancho Guadalupe O Residentes de Ayotla ', 56566),
(3161, 'Rancho el Carmen ', 56540),
(3162, 'Retama ', 56566),
(3163, 'Rio Frio de Juarez ', 56590),
(3164, 'Rigoberta Menchu ', 56566),
(3165, 'Rincon del Bosque ', 56569),
(3166, 'Residencial Ayotla ', 56555),
(3167, 'Rosa de Castilla ', 56580),
(3168, 'San Antonio ', 56576),
(3169, 'San Francisco Acuautla ', 56580),
(3170, 'San Buenaventura ', 56586),
(3171, 'San Antonio ', 56576),
(3172, 'San Jeronimo 4 Vientos ', 56589),
(3173, 'San Jose del Palma ', 56536),
(3174, 'San Juan ', 56578),
(3175, 'San Miguel ', 56569),
(3176, 'San Juan Tlalpizahuac ', 56576),
(3177, 'Santa Cruz ', 56577),
(3178, 'Santa Barbara ', 56538),
(3179, 'Santa Barbara ', 56538),
(3180, 'Santo Tomas ', 56565),
(3181, 'Texalpa ', 56588),
(3182, 'Tlacaelel ', 56576),
(3183, 'Tlayehuale ', 56586),
(3184, 'Tlapacoyan ', 56570),
(3185, 'Tlalpitzahuac ', 56576),
(3186, 'Union Antorchista ', 56568),
(3187, 'Valle Verde ', 56577),
(3188, 'Villas de Ayotla ', 56566),
(3189, 'Zapatista ', 56580),
(3190, 'Zona 2 de Melchor Ocampo ', 56567),
(3191, 'Zoquiapan ', 56530),
(3192, '10 de Agosto ', 51900),
(3193, '5 de Febrero ', 51900),
(3194, 'Ahuacatitlan ', 51900),
(3195, 'Bugambilias ', 51900),
(3196, 'Coaxusco ', 51936),
(3197, 'El Abrojo ', 51910),
(3198, 'El Salitre ', 51928),
(3199, 'Infonavit ', 51900),
(3200, 'Infonavit ', 51900),
(3201, 'Ixtapan de la Sal ', 51900),
(3202, 'Ixtapita ', 51900),
(3203, 'Los Naranjos ', 51919),
(3204, 'Los Cedros ', 51900),
(3205, 'Llano de la Union ', 51917),
(3206, 'Malinaltenango ', 51930),
(3207, 'Meson Nuevo ', 51937),
(3208, 'Plan de San Miguel ', 51916),
(3209, 'Puerta Grande ', 51939),
(3210, 'Revolucion ', 51900),
(3211, 'San Alejo ', 51938),
(3212, 'San Diego Alcala ', 51905),
(3213, 'San Gaspar ', 51900),
(3214, 'San Jose del Arenal ', 51900),
(3215, 'San Miguel Laderas ', 51900),
(3216, 'San Pedro ', 51900),
(3217, 'Santa Ana Xochuca ', 51918),
(3218, 'Santa Ana ', 51900),
(3219, 'Santa Catarina ', 51900),
(3220, 'Tecomatepec ', 51933),
(3221, 'Tlacochaca ', 51920),
(3222, 'Yerbas Buenas ', 51900),
(3223, 'Yautepec ', 51929),
(3224, 'El Chilar ', 51080),
(3225, 'Ixtapan del Oro ', 51070),
(3226, 'La Calera ', 51098),
(3227, 'Milpillas ', 51099),
(3228, 'Miahuatlan de Hidalgo ', 51070),
(3229, 'San Martin Ocoxochitepec ', 51070),
(3230, 'San Miguel Ixtapan ', 51071),
(3231, 'Santa Cruz Viejo ', 51089),
(3232, 'Tutuapan ', 51090),
(3233, '20 de Noviembre', 50750),
(3234, 'Atotonilco', 50754),
(3235, 'Casa Blanca', 50755),
(3236, 'Cuauhtémoc', 50753),
(3237, 'Dolores Enyege', 50770),
(3238, 'El Rincón de los Perales', 50770),
(3239, 'El Tecomate', 50773),
(3240, 'Emiliano Zapata', 50770),
(3241, 'Francisco I Madero', 50774),
(3242, 'Guadalupe Cachi', 50773),
(3243, 'Guadalupe del Río', 50753),
(3244, 'Hacienda la Purísima', 50783),
(3245, 'Huereje', 50774),
(3246, 'Ignacio Zaragoza', 50774),
(3247, 'ISSEMYM', 50744),
(3248, 'Ixtlahuaca de Rayón Centro', 50740),
(3249, 'Jalpa de Dolores', 50750),
(3250, 'Jalpa de los Baños', 50750),
(3251, 'La Bandera', 50770),
(3252, 'La Concepción de Baños', 50754),
(3253, 'La Concepción de los Baños', 50740),
(3254, 'La Concepción de los Baños Primero', 50754),
(3255, 'La Concepción Enyege', 50770),
(3256, 'La Guadalupana (El Sauco)', 50770),
(3257, 'La Purísima', 50783),
(3258, 'Las Trojes', 50774),
(3259, 'Los Reyes', 50743),
(3260, 'Luis Donaldo Colosio', 50774),
(3261, 'Magisterial', 50740),
(3262, 'Número 5', 50744),
(3263, 'Número 9', 50774),
(3264, 'Profedixi', 50740),
(3265, 'Profedixi II', 50740),
(3266, 'Químico José Donaciano y Mier', 50744),
(3267, 'San Andrés del Pedregal', 50770),
(3268, 'San Antonio Bonixi', 50783),
(3269, 'San Antonio de los Remedios', 50750),
(3270, 'San Bartolo del Llano', 50774),
(3271, 'San Cristóbal de los Baños', 50754),
(3272, 'San Francisco', 50780),
(3273, 'San Francisco de Asís', 50740),
(3274, 'San Francisco de Guzmán', 50774),
(3275, 'San Francisco del Río', 50753),
(3276, 'San Francisco Ixtlahuaca', 50780),
(3277, 'San Ignacio del Pedregal', 50760),
(3278, 'San Ildefonso', 50780),
(3279, 'San Isidro Boxipe', 50760),
(3280, 'San Jerónimo Ixtapantongo', 50785),
(3281, 'San Jerónimo Ixtlapantongo', 50785),
(3282, 'San Jerónimo la Cañada', 50783),
(3283, 'San Joaquín el Junco', 50783),
(3284, 'San Joaquín la Cabecera', 50783),
(3285, 'San José del Río', 50773),
(3286, 'San José Huereje', 50774),
(3287, 'San Juan de las Manzanas', 50770),
(3288, 'San Lorenzo Toxico', 50780),
(3289, 'San Lorenzo Toxico Manzana Octava', 50780),
(3290, 'San Lorenzo Toxico Manzana Séptima', 50780),
(3291, 'San Lorenzo Toxico Manzana Sexta', 50780),
(3292, 'San Mateo Ixtlahuaca', 50773),
(3293, 'San Miguel el Alto (Ranchos Viejos)', 50775),
(3294, 'San Miguel Enyege', 50770),
(3295, 'San Pablo de los Remedios', 50773),
(3296, 'San Pedro', 50773),
(3297, 'San Pedro la Cabecera', 50783),
(3298, 'San Pedro los Baños', 50755),
(3299, 'Santa Ana Ixtlahuaca', 50760),
(3300, 'Santa Ana la Ladera', 50760),
(3301, 'Santa María del Llano', 50774),
(3302, 'Santo Domingo de Guzmán', 50773),
(3303, 'Santo Domingo Huereje', 50774),
(3304, 'Sedue', 50740),
(3305, 'Shira', 50764),
(3306, 'Alborada Jaltenco CTM XI', 55783),
(3307, 'Bahías de Jaltenco', 55783),
(3308, 'La Lagunilla', 55784),
(3309, 'Privadas del Sol', 55783),
(3310, 'Pro Vivienda', 55783),
(3311, 'San Andrés Jaltenco', 55780),
(3312, 'San Martín', 55780),
(3313, 'Agua Escondida', 54256),
(3314, 'Aldama', 54263),
(3315, 'Buenavista', 54260),
(3316, 'Calpulalpan (Primera Manzana Centro)', 54265),
(3317, 'Canalejas', 54260),
(3318, 'Coscomate del Progreso', 54253),
(3319, 'Danxho', 54254),
(3320, 'Dedeni Dolores', 54273),
(3321, 'Denjhi', 54253),
(3322, 'Dexcani Alto', 54253),
(3323, 'Dexcani Bajo', 54253),
(3324, 'Doxhicho', 54254),
(3325, 'Ejido de Acazuchitlan', 54276),
(3326, 'Ejido de Coscomate', 54253),
(3327, 'Ejido de Jilotepec', 54254),
(3328, 'Ejido de Octeyuco', 54255),
(3329, 'El Barrete', 54255),
(3330, 'El Durazno de Cuauhtémoc', 54255),
(3331, 'El Durazno de Guerrero', 54275),
(3332, 'El Huisache (Tercera Manzana de Dexcani Alto)', 54253),
(3333, 'El Magueyal', 54255),
(3334, 'El Majuay', 54264),
(3335, 'El Rincon', 54263),
(3336, 'El Rosal', 54273),
(3337, 'El Saltillo', 54264),
(3338, 'El Xhitey', 54257),
(3339, 'Emiliano Zapata', 54275),
(3340, 'Javier Barrios', 54257),
(3341, 'Jilotepec de Molina Enríquez', 54240),
(3342, 'La Comunidad', 54265),
(3343, 'La Cruz de Dendho', 54257),
(3344, 'La Huaracha', 54263),
(3345, 'La Manzanilla (Tercera Manzana de Dexcani Bajo)', 54253),
(3346, 'La Maqueda (Ejido de San Lorenzo Nenamicoyan)', 54273),
(3347, 'La Merced', 54253),
(3348, 'Las Huertas', 54256),
(3349, 'Las Manzanas', 54255),
(3350, 'Llano Grande', 54263),
(3351, 'Magisterio Estatal', 54246),
(3352, 'Magueycitos', 54255),
(3353, 'Mataxhi', 54273),
(3354, 'Octeyuco 2000', 54255),
(3355, 'Ojo de Agua', 54250),
(3356, 'Parque Industrial Jilotepec', 54257),
(3357, 'San Ignacio de Loyola (San Ignacio)', 54273),
(3358, 'San Juan Acazuchitlán (San Juanico)', 54274),
(3359, 'San Lorenzo Nenamicoyan', 54273),
(3360, 'San Lorenzo Octeyuco', 54255),
(3361, 'San Martín Tuchicuitlapilco', 54270),
(3362, 'San Miguel de La Victoria', 54270),
(3363, 'San Pablo Huantepec', 54250),
(3364, 'San Vicente (Calpulalpan Tercera Manzana)', 54265),
(3365, 'Santa Martha de la Cruz', 54256),
(3366, 'Santiago Oxthoc', 54275),
(3367, 'Tecolapan', 54270),
(3368, 'Teupan (Piedras Negras)', 54263),
(3369, 'Vista Hermosa', 54246),
(3370, 'Xhimójay', 54255),
(3371, 'Xhixhata', 54256),
(3372, 'Dangú', 54575),
(3373, 'Doditay', 54573),
(3374, 'Endonica', 54570),
(3375, 'Ensido', 54570),
(3376, 'Espíritu Santo', 54570),
(3377, 'La Cuesta', 54570),
(3378, 'Monfi', 54570),
(3379, 'Quishiguada', 54573),
(3380, 'San José de las Manzanas', 54574),
(3381, 'San Luis Ayucan', 54570),
(3382, 'San Miguel Tecpan', 54571),
(3383, 'Santa Ana Jilotzingo', 54570),
(3384, 'Santa María Mazatla', 54570),
(3385, 'Alegre', 50834),
(3386, 'Benito Juárez San Felipe Santiago', 50846),
(3387, 'Bóximo', 50833),
(3388, 'Buenavista', 50814),
(3389, 'Buenos Aires', 50830),
(3390, 'Colorado', 50847),
(3391, 'De Sila', 50844),
(3392, 'Dolores Amarillas', 50835),
(3393, 'El Jaral (Tierra Montón)', 50814),
(3394, 'El Rincón Loma de Hidalgo', 50847),
(3395, 'El Santuario del Señor del Cerrito', 50825),
(3396, 'Emiliano Zapata', 50845),
(3397, 'Flores Magón', 50847),
(3398, 'Hacienda Nixini', 50836),
(3399, 'Jiquipilco', 50800),
(3400, 'La Nopalera', 50843),
(3401, 'La Pastora', 50825),
(3402, 'La Purísima', 50826),
(3403, 'Las Golondrinas', 50820),
(3404, 'Las Palomitas (Puerto Jiquipilli)', 50810),
(3405, 'Llano Grande (Planta Piloto)', 50820),
(3406, 'Loma de Endotzi (Manzana Sexta)', 50813),
(3407, 'Loma de Hidalgo', 50847),
(3408, 'Loma de Malacota', 50845),
(3409, 'Loma de San Felipe', 50840),
(3410, 'Loma de San Pedro', 50843),
(3411, 'Loma del Astillero', 50830),
(3412, 'Loma del Madroño', 50815),
(3413, 'Loma del Sitio', 50840),
(3414, 'Loma Hermosa', 50843),
(3415, 'Loma Hidalgo Colonia Benito Juárez', 50847),
(3416, 'Loma Hidalgo Manzana Cuarta', 50847),
(3417, 'Loma Vicente Guerrero', 50840),
(3418, 'Los Ortices', 50840),
(3419, 'Los Quiroz', 50824),
(3420, 'Manzana Cuarta', 50830),
(3421, 'Manzana Cuarta de Santa Cruz Tepexpan', 50816),
(3422, 'Manzana Primera la Capilla', 50810),
(3423, 'Manzana Primera Parte Alta', 50810),
(3424, 'Manzana Quinta (La Cañada)', 50813),
(3425, 'Manzana Quinta de San Bartolo Oxtotitlán', 50846),
(3426, 'Manzana Segunda', 50810),
(3427, 'Manzana Segunda de Santa Cruz Tepexpan', 50830),
(3428, 'Manzana Sexta Parte Alta', 50813),
(3429, 'Manzana Sexta Parte Baja', 50813),
(3430, 'Manzana Sexta Parte Centro', 50813),
(3431, 'Manzana Tercera (Bodo)', 50810),
(3432, 'Manzana Tercera de Santa Cruz Tepexpan', 50830),
(3433, 'Manzana Tercera Juashi', 50810),
(3434, 'Manzana Tercera Loma de Hidalgo', 50847),
(3435, 'Manzana Tercera Panthé', 50810),
(3436, 'Manzana Tercera Tasthe', 50810),
(3437, 'Mañi', 50820),
(3438, 'Mañi (Ex-hacienda de Mañi)', 50840),
(3439, 'Morelos San Felipe y Santiago', 50844),
(3440, 'Moxteje', 50820),
(3441, 'Moxteje', 50840),
(3442, 'Palo Gacho', 50848),
(3443, 'Pie del Cerro', 50825),
(3444, 'Portezuelo', 50815),
(3445, 'Primero Buenos Aires', 50844),
(3446, 'San Antonio Nixini', 50836),
(3447, 'San Bartolo Oxtotitlán', 50844),
(3448, 'San Felipe Santiago', 50843),
(3449, 'San Francisco el Alto', 50833),
(3450, 'San Isidro', 50816),
(3451, 'San José del Sitio', 50833),
(3452, 'San Martín Morelos', 50824),
(3453, 'San Miguel Yuxtepec', 50825),
(3454, 'Santa Cruz Tepexpan', 50830),
(3455, 'Santa Isabel', 50816),
(3456, 'Santa Lucía', 50845),
(3457, 'Santa María Nativitas', 50840),
(3458, 'Santa María Nativitas', 50848),
(3459, 'Santa María Nativitas el Colector', 50820),
(3460, 'Sección el Cerrito', 50825),
(3461, 'Tierra Blanca', 50823),
(3462, '15 de Agosto', 50726),
(3463, 'Barrio Santa Cruz Chico', 50715),
(3464, 'Boyecha', 50724),
(3465, 'Buenavista', 50735),
(3466, 'Cheje', 50726),
(3467, 'Concepción Caro', 50710),
(3468, 'El Lindero', 50724),
(3469, 'El Progreso', 50733),
(3470, 'El Ruso', 50737),
(3471, 'Enguindo San Isidro', 50733),
(3472, 'Ex-Hacienda Alcibar', 50717),
(3473, 'Ex-Hacienda San José Villeje', 50736),
(3474, 'Guadalupe', 50734),
(3475, 'Huemetla', 50724),
(3476, 'Jocotitlán', 50700),
(3477, 'La Era', 50736),
(3478, 'La Loma de Endare', 50737),
(3479, 'La Luz', 50724),
(3480, 'La Manga', 50736),
(3481, 'La Presa', 50714),
(3482, 'La Providencia', 50727),
(3483, 'La Soledad', 50733),
(3484, 'La Tenería', 50736),
(3485, 'La Venta', 50737),
(3486, 'Las Ánimas Villeje', 50734),
(3487, 'Las Fuentes Yeche', 50724),
(3488, 'Legorreta', 50734),
(3489, 'Los Javieres', 50733),
(3490, 'Los Martínez', 50714),
(3491, 'Los Reyes', 50727),
(3492, 'Mavoro', 50736),
(3493, 'Meje', 50726),
(3494, 'Ojo de Agua', 50736),
(3495, 'Pasteje', 50734),
(3496, 'Providencia', 50726),
(3497, 'San Agustín', 50700),
(3498, 'San Andrés', 50710),
(3499, 'San Dimas', 50726),
(3500, 'San Francisco Cheje', 50726),
(3501, 'San Jacinto', 50734),
(3502, 'San Joaquín', 50734),
(3503, 'San José Boqui', 50720),
(3504, 'San Juan', 50700),
(3505, 'San Juan Cuajomulco', 50715),
(3506, 'San Juan el Cristo', 50716),
(3507, 'San Marcos Coajomulco', 50715),
(3508, 'San Miguel Tenochtitlán', 50710),
(3509, 'Santa Clara', 50734),
(3510, 'Santa María Citendeje', 50713),
(3511, 'Santa María Endare', 50737),
(3512, 'Santa Mónica', 50736),
(3513, 'Santiago Casandeje', 50717),
(3514, 'Santiago Yeche', 50724),
(3515, 'Santo Domingo', 50700),
(3516, 'Siffari', 50736),
(3517, 'Tiacaque', 50726),
(3518, 'Tula', 50724),
(3519, 'Zacualpan', 50736),
(3520, 'Cuarto Barrio', 52370),
(3521, 'El Guarda de Guerrero (San José el Guarda)', 52390),
(3522, 'El Ojo de Agua', 52376),
(3523, 'Joquicingo', 52370),
(3524, 'Maxtleca de Galeana', 52374),
(3525, 'San Miguel de Ocampo', 52380),
(3526, 'San Pedro Cerro las Rosas (La Prepa)', 52384),
(3527, 'Segundo Barrio', 52370),
(3528, 'Techuchulco de Allende', 52387),
(3529, 'Tercer Barrio', 52370),
(3530, 'Calayuco', 56860),
(3531, 'Cuautzozongo', 56860),
(3532, 'El Madroño', 56866),
(3533, 'Juchi', 56860),
(3534, 'La Rosita', 56864),
(3535, 'San Matías Cuijingo', 56864),
(3536, 'San Pedro', 56865),
(3537, 'Santa Rosa de Lima', 56867),
(3538, '2 de Marzo', 56505),
(3539, '20 de Mayo', 56516),
(3540, 'Adolfo López Mateos', 56528),
(3541, 'Ahuaxtla', 56528),
(3542, 'Alamedas', 56526),
(3543, 'Ampliación Arenal', 56527),
(3544, 'Ampliación Dr. Jorge Jiménez Cantú', 56513),
(3545, 'Ampliación Los Reyes', 56400),
(3546, 'Ampliación Magdalena', 56514),
(3547, 'Ampliación Mariel', 56516),
(3548, 'Ampliación San Sebastián', 56520),
(3549, 'Ampliación Tecamachalco', 56500),
(3550, 'Anáhuac', 56527),
(3551, 'Ancón de los Reyes', 56410),
(3552, 'Arenal', 56527),
(3553, 'Bosques de la Magdalena', 56508),
(3554, 'Bosques de la Magdalena (U.P.R.E.Z.)', 56514),
(3555, 'C.E.A.S.', 56524),
(3556, 'Coaxusco', 56440),
(3557, 'Conjunto la Paz', 56509),
(3558, 'Cuchilla de la Ancón', 56524),
(3559, 'Dr. Jorge Jiménez Cantú', 56515),
(3560, 'Ejidal El Pino', 56507),
(3561, 'El Salado', 56524),
(3562, 'Emiliano Zapata', 56490),
(3563, 'Ex Hacienda San Isidro', 56516),
(3564, 'Ferrocarril', 56509),
(3565, 'Floresta', 56420),
(3566, 'Jalpa', 56509),
(3567, 'Jardín de Los Reyes', 56400),
(3568, 'La Cerca', 56529),
(3569, 'La Joyita', 56508),
(3570, 'La Magdalena Atlicpac', 56525),
(3571, 'Las Cruces', 56509),
(3572, 'Las Rosas', 56514),
(3573, 'Las Torres III', 56490),
(3574, 'Libertad', 56516),
(3575, 'Loma Encantada', 56495),
(3576, 'Lomas de Altavista', 56514),
(3577, 'Lomas de Atlipac', 56514),
(3578, 'Lomas de San Isidro 1ra Sección', 56516),
(3579, 'Lomas de San Isidro 2da Sección', 56516),
(3580, 'Lomas de San Isidro 3ra Sección', 56516),
(3581, 'Lomas de San Isidro El Pino', 56516),
(3582, 'Lomas de San Sebastián', 56512),
(3583, 'Los Reyes Acaquilpan Centro', 56400),
(3584, 'Magdalena de Los Reyes', 56440),
(3585, 'Magisterial', 56525),
(3586, 'Mariel', 56516),
(3587, 'Parcelas', 56509),
(3588, 'Paso de Minas', 56514),
(3589, 'Presidentes', 56520),
(3590, 'Primavera', 56516),
(3591, 'Profesor Carlos Hank González', 56510),
(3592, 'Ricardo Flores Magón', 56524),
(3593, 'Rincón de Los Reyes', 56410),
(3594, 'Ríos de San Isidro', 56516),
(3595, 'Salitrería', 56520),
(3596, 'San Isidro', 56516),
(3597, 'San Isidro (Casas Verdes)', 56516),
(3598, 'San José Las Palmas', 56512),
(3599, 'San Salvador Tecamachalco', 56500),
(3600, 'San Sebastián Chimalpa', 56520),
(3601, 'Techachaltitla', 56514),
(3602, 'Tecomatlán', 56516),
(3603, 'Tecontlapexco', 56514),
(3604, 'Tepapatlalco', 56512),
(3605, 'Tepozanes', 56428),
(3606, 'Tlazala', 56529),
(3607, 'Unidad Acaquilpan', 56510),
(3608, 'Unidad Anáhuac Tepetates', 56528),
(3609, 'Unidad Floresta', 56429),
(3610, 'Valle de los Pinos', 56420),
(3611, 'Valle de los Reyes', 56430),
(3612, 'Villas de la Paz', 56509),
(3613, 'Villas de San Isidro', 56516),
(3614, 'Villas del Sol', 56495),
(3615, 'Adolfo López Mateos', 52006),
(3616, 'Adolfo López Mateos', 52050),
(3617, 'Agrícola Analco', 52047),
(3618, 'Alfredo del Mazo', 52030),
(3619, 'Álvaro Obregón', 52010),
(3620, 'Amomolulco', 52005),
(3621, 'Auris', 52004),
(3622, 'Barranca Grande', 52055),
(3623, 'Buenavista', 52054),
(3624, 'Cañada de Alferes', 52045),
(3625, 'Casa Blanca (Tierras Nuevas)', 52020),
(3626, 'Chignahuapa', 52046),
(3627, 'Cideco', 52004),
(3628, 'Club de Golf los Encinos', 52005),
(3629, 'Corredor Industrial Toluca Lerma', 52004),
(3630, 'Cristo Rey', 52040),
(3631, 'Cucuhapan', 52047),
(3632, 'Dolores (Ranchería Dolores)', 52050),
(3633, 'Ejidal Emiliano Zapata', 52004),
(3634, 'El Calvario la Merced', 52006),
(3635, 'El Espino Peralta', 52020),
(3636, 'El Panteón', 52005),
(3637, 'El Pocito', 52006),
(3638, 'El Porvenir ll', 52004),
(3639, 'Guadalupe la Ciénega', 52004),
(3640, 'Guadalupe Victoria (La Capilla)', 52050),
(3641, 'INFONAVIT', 52004),
(3642, 'Isidro Fabela', 52004),
(3643, 'La Bomba', 52004),
(3644, 'La Concepción Xochicuautla', 52050),
(3645, 'La Estación', 52006),
(3646, 'La Joya', 52040),
(3647, 'La Joya', 52054),
(3648, 'La Loma', 52010),
(3649, 'La Lupita ( Casas Viejas )', 52059),
(3650, 'La Manga ( La Laguna )', 52047),
(3651, 'La Montoya', 52040),
(3652, 'La Mota', 52004),
(3653, 'La Unidad Huitzizilapan', 52059),
(3654, 'Las Águilas', 52044),
(3655, 'Las Mesas Huitzizilapan', 52059),
(3656, 'Las Rajas Huitzizilapan ( San Martín )', 52059),
(3657, 'Lerma de Villada Centro', 52000),
(3658, 'Llano Capacho', 52045),
(3659, 'Los Cedros 400', 52004),
(3660, 'Los Olivos', 52005),
(3661, 'Metate Viejo Tlalmimilolpan', 52050),
(3662, 'N Dexi Huitzizilapan', 52050),
(3663, 'Nueva Ameyalco', 52004),
(3664, 'Ojo de Agua', 52040),
(3665, 'Parque industrial Cerrillo I', 52004),
(3666, 'Parque industrial Cerrillo II', 52004),
(3667, 'Pueblo Nuevo Tlalmimilolpan', 52055),
(3668, 'Reforma Tlalmimilolpan', 52055),
(3669, 'Residencial Tirés', 52005),
(3670, 'Salazar', 52045),
(3671, 'San Agustín Huitzizilapan', 52050),
(3672, 'San Francisco Xochicuautla', 52054),
(3673, 'San Isidro', 52004),
(3674, 'San José el Llanito', 52005),
(3675, 'San Lorenzo Huitzizilapan', 52020),
(3676, 'San Lorenzo Huitzizilapan', 52050),
(3677, 'San Mateo Atarasquillo', 52044),
(3678, 'San Miguel Ameyalco', 52040),
(3679, 'San Miguel Ameyalco', 52040),
(3680, 'San Nicolás Peralta', 52010),
(3681, 'San Pablo', 52010),
(3682, 'San Pedro Huitzizilapan', 52050),
(3683, 'San Pedro Tultepec', 52030),
(3684, 'Santa Catarina', 52050),
(3685, 'Santa Clara', 52004),
(3686, 'Santa Cruz Chignahuapan', 52046),
(3687, 'Santa Cruz Huitzizilapan', 52050),
(3688, 'Santa Cruz Tultepec', 52030),
(3689, 'Santa María Atarasquillo', 52044),
(3690, 'Santa María Tlalmimilolpan', 52050),
(3691, 'Santiago Analco', 52043),
(3692, 'Valle de Encinos', 52005),
(3693, 'Valle de Lerma', 52004),
(3694, 'Zacamulpa Huitzizilapan (San Isidro)', 52050),
(3695, 'Zacamulpa Tlalmimilolpan', 52050),
(3696, 'Agua Colorada', 51468),
(3697, 'Aguacatillo', 51454),
(3698, 'Alborejo (Puerto Alborejo)', 51463),
(3699, 'Arrayán', 51468),
(3700, 'Arroyo Seco', 51442),
(3701, 'Avellaneda', 51458),
(3702, 'Buenavista', 51467),
(3703, 'Cacahuananche', 51456),
(3704, 'Caja de Agua', 51456),
(3705, 'Caja de Agua', 51446),
(3706, 'Calabazos', 51456),
(3707, 'Calaveras', 51443),
(3708, 'Cañada del Campanario', 51468),
(3709, 'Cañadas de Nanchititla', 51454),
(3710, 'Capire', 51443),
(3711, 'Carbajales', 51462),
(3712, 'Carrizal', 51454),
(3713, 'Cerro de Castelanes', 51446),
(3714, 'Cerro de la Culebra', 51445),
(3715, 'Cerro del Agua', 51446),
(3716, 'Cerro del Venado', 51442),
(3717, 'Chirimoya', 51468),
(3718, 'Ciprianes', 51468),
(3719, 'Colcomeca', 51454),
(3720, 'Corral del Barro', 51463),
(3721, 'Corral Nuevo', 51462),
(3722, 'Cruz de Clavos', 51468),
(3723, 'Cruz de Piedra', 51462),
(3724, 'Cuachinola', 51457),
(3725, 'Cuadrilla de Benitez', 51442),
(3726, 'Cuadrilla de Sánchez', 51463),
(3727, 'Cuahuilotes', 51458),
(3728, 'El Aguacate', 51463),
(3729, 'El Barro', 51458),
(3730, 'El Brasil', 51467),
(3731, 'El Campanario', 51468),
(3732, 'El Capire', 51454),
(3733, 'El Capire de Acatitlán', 51462),
(3734, 'El Carrizal', 51456),
(3735, 'El Cascalote', 51459),
(3736, 'El Cerro', 51456),
(3737, 'El Cirare', 51455),
(3738, 'El Cirian de Hermiltepec', 51468),
(3739, 'El Copalito', 51453),
(3740, 'El Crucillo', 51465),
(3741, 'El Estanco', 51443),
(3742, 'El Granjen', 51468),
(3743, 'El Guayabo', 51454),
(3744, 'El Huizache', 51457),
(3745, 'El Jagüey', 51466),
(3746, 'El Limón', 51456),
(3747, 'El Limón', 51462),
(3748, 'El Mamey Acatitlán', 51462),
(3749, 'El Manguito', 51465),
(3750, 'El Manguito (La Parotilla)', 51458),
(3751, 'El Naranjito', 51453),
(3752, 'El Naranjo', 51457),
(3753, 'El Naranjo de San Isidro (El Naranjo Primero)', 51463),
(3754, 'El Ojo de Agua', 51457),
(3755, 'El Ojo de Agua', 51442),
(3756, 'El Pie de la Loma', 51443),
(3757, 'El Plátano', 51456),
(3758, 'El Progreso de Luvianos', 51440),
(3759, 'El Pueblito', 51456),
(3760, 'El Pueblito', 51467),
(3761, 'El Pueblito', 51446),
(3762, 'El Puerto de la Sosa', 51453),
(3763, 'El Ranchito', 51459),
(3764, 'El Reparo', 51453),
(3765, 'El Rincón de Cagalaguas', 51453),
(3766, 'El Rincón Piedra Grande', 51465),
(3767, 'El Rodeo', 51456),
(3768, 'El Salitre Estancia Grande', 51462),
(3769, 'El Salto de San Jerónimo', 51459),
(3770, 'El Sáuz', 51455),
(3771, 'El Tanque', 51457),
(3772, 'El Tecuan', 51466),
(3773, 'Estancia Grande (San José Estancia Grande)', 51464),
(3774, 'Gabazos (El Bagaso)', 51459),
(3775, 'Hermiltepec (Peña Blanca)', 51464),
(3776, 'Hilamache', 51463),
(3777, 'Hormigueros', 51453),
(3778, 'Huiztepec', 51468),
(3779, 'Iglesia Vieja', 51446),
(3780, 'Jalpan', 51462),
(3781, 'Jaquinicuil', 51443),
(3782, 'Jocoal', 51462),
(3783, 'Jocoleche', 51458),
(3784, 'La Angostura Dos', 51456),
(3785, 'La Angostura Uno', 51456),
(3786, 'La Arboleda', 51456),
(3787, 'La Camelina', 51456),
(3788, 'La Candelaria', 51465),
(3789, 'La Canoa', 51455),
(3790, 'La Chaqueta', 51466),
(3791, 'La Estancia', 51457),
(3792, 'La Laguna', 51454),
(3793, 'La Laguna', 51466),
(3794, 'La Mesa', 51462),
(3795, 'La Mesa del Potrero Chiquito', 51456),
(3796, 'La Minita', 51465),
(3797, 'La Palma', 51462),
(3798, 'La Parota', 51467),
(3799, 'La Toma', 51456),
(3800, 'La Unidad (los Ciruelos)', 51462),
(3801, 'La Yerbabuena', 51465),
(3802, 'Las Anonas', 51456),
(3803, 'Las Garzas (Potrerillos)', 51458),
(3804, 'Las Juntas', 51458),
(3805, 'Las Lajas', 51453),
(3806, 'Las Lajitas', 51457),
(3807, 'Las Palmas', 51453),
(3808, 'Las Paredes', 51454),
(3809, 'Las Parotas', 51455),
(3810, 'Las Piñas', 51457),
(3811, 'Las Trojas', 51459),
(3812, 'Lechuguillas', 51458),
(3813, 'Los Arrayanes', 51455),
(3814, 'Los Arrayanes', 51457),
(3815, 'Los Arrayanes Verdes', 51453),
(3816, 'Los Bancos', 51454),
(3817, 'Los Bancos', 51467),
(3818, 'Los Bancos', 51453),
(3819, 'Los Curindales', 51458),
(3820, 'Los Llanitos', 51455),
(3821, 'Los Ocotes', 51453),
(3822, 'Los Pericones', 51456),
(3823, 'Los Pinzanes', 51457),
(3824, 'Los Pinzanes', 51443),
(3825, 'Los Piñones', 51453),
(3826, 'Los Pozos', 51467),
(3827, 'Los Tejocotes', 51454),
(3828, 'Los Tequereques', 51455),
(3829, 'Los Terreros', 51453),
(3830, 'Magadán', 51465),
(3831, 'Majada de los Encinos', 51454),
(3832, 'Mango Solo', 51462),
(3833, 'Mesa de los Caballos', 51455),
(3834, 'Mesa de los Espinos (Mesa de las Escobas)', 51465),
(3835, 'Mesa de Nietos', 51456),
(3836, 'Mesa del Capulín (Mesa de los Nanches)', 51467),
(3837, 'Monte Verde', 51454),
(3838, 'Navarrete', 51458),
(3839, 'Niños Héroes', 51440),
(3840, 'Ojo de Agua-Palo Gordo', 51455),
(3841, 'Palo Gordo', 51455),
(3842, 'Palo Verde', 51454),
(3843, 'Palos Prietos', 51454),
(3844, 'Paso de la Arena', 51445),
(3845, 'Paso del Agua (Cristo Rey)', 51465),
(3846, 'Pedernales', 51467),
(3847, 'Peña Calva', 51454),
(3848, 'Piedra Colorada', 51457),
(3849, 'Piedra Grande', 51465),
(3850, 'Plan de Chihuahua', 51453),
(3851, 'Playa el Guayabo', 51456),
(3852, 'Potrero de Palmarillos', 51466),
(3853, 'Potrero Vallecitos (El Potrero)', 51467),
(3854, 'Puerta de Golpe', 51463),
(3855, 'Puerto de los Duraznos', 51453),
(3856, 'Puerto de los Terreros', 51457),
(3857, 'Puerto de los Zacatones', 51457),
(3858, 'Puerto del Higo', 51463),
(3859, 'Puerto del Salitre', 51443),
(3860, 'Puerto el Capulín', 51464),
(3861, 'Pungarancho', 51467),
(3862, 'Rancho Viejo', 51462),
(3863, 'Rincón Cruz de Clavos', 51468),
(3864, 'Rincón de Alambre', 51445),
(3865, 'Rincón de Arrayanes', 51453),
(3866, 'Rincón de Ciprianes', 51468),
(3867, 'Rincón de González', 51457),
(3868, 'Rincón de Martines', 51454),
(3869, 'Rincón de Rodríguez', 51462),
(3870, 'Rincón de San Lucas', 51446),
(3871, 'Rincón de San Sebastián', 51445),
(3872, 'Rincón de Vargas', 51442),
(3873, 'Rincón del Hilamache', 51463),
(3874, 'Rincón del Naranjo la Presa', 51463),
(3875, 'Salitre del Puente (Puente del Salitre)', 51463),
(3876, 'Salitre Piedra Grande', 51465),
(3877, 'Salitrillo', 51456),
(3878, 'San Antonio Luvianos (San Antonio)', 51445),
(3879, 'San Juan Acatitlán', 51463),
(3880, 'San Nicolás', 51467),
(3881, 'San Simón Piedra Grande (San Simón)', 51465),
(3882, 'Sanguijuelas', 51456),
(3883, 'Santa Cruz', 51462),
(3884, 'Santa Rosa Estancia Grande', 51464),
(3885, 'Santa Rosa Hermiltepec', 51464),
(3886, 'Sesteadero', 51457),
(3887, 'Sesteadero de Abajo', 51455),
(3888, 'Sesteadero de Arriba', 51455),
(3889, 'Solosúchil', 51455),
(3890, 'Tequesquite (El Tequezquite)', 51454),
(3891, 'Toma de Agua', 51442),
(3892, 'Tremesinos', 51456),
(3893, 'Tres Encinos', 51463),
(3894, 'Trojes Rancho', 51442),
(3895, 'Vallecitos de Hermiltepec (Vallecito)', 51467),
(3896, 'Acambay', 50300),
(3897, 'Agostadero', 50333),
(3898, 'Agua Limpia', 50324),
(3899, 'Barrancas', 50317),
(3900, 'Botidy', 50314),
(3901, 'Boshi Grande', 50327),
(3902, 'Boti', 50334),
(3903, 'Boshi Chiquito', 50328),
(3904, 'Bovini', 50319),
(3905, 'Boxindo', 50320),
(3906, 'Buenavista', 50318),
(3907, 'Cañada del Gallo', 50338),
(3908, 'Conejeras', 50335),
(3909, 'Cruz Colorada', 50335),
(3910, 'Chanteje', 50322),
(3911, 'Detiña', 50300),
(3912, 'Dateje', 50300),
(3913, 'Dongu', 50300),
(3914, 'Doshteje', 50344),
(3915, 'El Cerrito Tixmadeje', 50346),
(3916, 'El Ermitaño', 50349),
(3917, 'El Puerto', 50315),
(3918, 'Esdoca', 50313),
(3919, 'Endeje', 50312),
(3920, 'Ganzda', 50300),
(3921, 'Golondrinas', 50358),
(3922, 'Guadalupe', 50343),
(3923, 'Hondiga', 50323),
(3924, 'Juando', 50330),
(3925, 'La Estancia Sect 2', 50329),
(3926, 'La Esperanza', 50303),
(3927, 'La Caridad', 50300),
(3928, 'La Estancia Sect 1', 50329),
(3929, 'La Huerta', 50357),
(3930, 'La Florida', 50347),
(3931, 'La Manga', 50300),
(3932, 'La Loma', 50340),
(3933, 'La Laguna', 50305),
(3934, 'La Palma', 50349),
(3935, 'La Teresa', 50334),
(3936, 'La Venta', 50326),
(3937, 'La Soledad', 50306),
(3938, 'Las Arenas', 50302),
(3939, 'Las Mangas', 50336),
(3940, 'Loma de San Angel', 50304),
(3941, 'Loma Linda', 50316),
(3942, 'Los Charcos', 50330),
(3943, 'Los Pilares', 50359),
(3944, 'Los Toriles', 50337),
(3945, 'Mado Sect I', 50355),
(3946, 'Los Sauces', 50334),
(3947, 'Manuel Hinojosa', 50300),
(3948, 'Mado Sect Ii', 50354),
(3949, 'Muyteje', 50340),
(3950, 'Pathe', 50300),
(3951, 'Pueblo Nuevo', 50348),
(3952, 'Puentecillas', 50330),
(3953, 'San Francisco Shaxni', 50330),
(3954, 'San Antonio las Palmas', 50356),
(3955, 'San Francisco', 50339),
(3956, 'San Jose Bocto', 50307),
(3957, 'San Ildefonso Yolotepec', 50308),
(3958, 'San Juanico Sect 2', 50326),
(3959, 'San Juanico Sect 1', 50300),
(3960, 'San Nicolas Acambay', 50325),
(3961, 'San Pedro de los Metates', 50300),
(3962, 'Santa Rosa de Solis', 50337),
(3963, 'Santa Maria Tixmadeje', 50345),
(3964, 'Tixmadeje', 50345),
(3965, 'Tixmadeje Chiquito', 50346),
(3966, 'Toto', 50318),
(3967, 'Acolman Nezahualcoyotl', 55870),
(3968, 'Anahuac 1a Secc', 55884),
(3969, 'Anahuac 2a Secc', 55884),
(3970, 'Benito Juarez', 55885),
(3971, 'Calvario Acolman', 55870),
(3972, 'Cuanalan', 55886),
(3973, 'Chipiltepec', 55890),
(3974, 'Chimalpa', 55885),
(3975, 'El Potrero', 55885),
(3976, 'Emiliano Zapata', 55875),
(3977, 'Granjas Acolman', 55874),
(3978, 'La Concepcion', 55895),
(3979, 'Lazaro Cardenas', 55882),
(3980, 'Los Angeles', 55882),
(3981, 'Los Angeles', 55882),
(3982, 'Radiofaro Totolcingo', 55882),
(3983, 'San Bartolo Acolman', 55880),
(3984, 'San Antonio Acolman', 55896),
(3985, 'San Francisco Zacango', 55899),
(3986, 'San Mateo Chipiltepec', 55890),
(3987, 'San Lucas Tepango', 55895),
(3988, 'San Juanico', 55879),
(3989, 'San Marcos Nepantla', 55887),
(3990, 'San Pedro Tepetitlan', 55894),
(3991, 'San Miguel Toltolcingo', 55885),
(3992, 'Santa Catarina', 55875),
(3993, 'Santa Maria', 55878),
(3994, 'Tenango', 55870),
(3995, 'Tepexpan', 55885),
(3996, 'Xometla', 55895),
(3997, 'Aculco de Espinosa', 50360),
(3998, 'Arroyo Zarco', 50380),
(3999, 'Bañe', 50381),
(4000, 'Barrancas', 50367),
(4001, 'Bomxhi', 50365),
(4002, 'Centro Urbano', 50360),
(4003, 'El Azafran', 50385),
(4004, 'El Texhiñu', 50373),
(4005, 'Fondo', 50364),
(4006, 'Gunyo', 50385),
(4007, 'Jurica', 50386),
(4008, 'La Concepcion', 50372),
(4009, 'La Concepcion', 50384),
(4010, 'La Soledad', 50360),
(4011, 'Los Ailes', 50376),
(4012, 'Nado Buenavista', 50360),
(4013, 'San Antonio', 50373),
(4014, 'San Jeronimo', 50360),
(4015, 'San Joaquin', 50370),
(4016, 'San Jeronimo', 50371),
(4017, 'San Lucas Totomaloya', 50384),
(4018, 'San Martin', 50360),
(4019, 'San Pedro Denxhi', 50381),
(4020, 'Santa Ana Matzabat', 50385),
(4021, 'Santa Maria Nativitas', 50360),
(4022, 'Santa Maria Nativitas', 50387),
(4023, 'Toxie Santiago Oxthoc', 50360),
(4024, 'Zethe', 50360),
(4025, 'Agua Fria', 51860),
(4026, 'Aguacatitlan', 51865),
(4027, 'Almoloya de Alquisiras', 51860),
(4028, 'Aquiapan', 51881),
(4029, 'Buenos Aires', 51867),
(4030, 'Cuautenco', 51870),
(4031, 'Jaltepec', 51860),
(4032, 'La Union Riva Palacio', 51860),
(4033, 'Las Mesas', 51866),
(4034, 'Llano de las Casas', 51888),
(4035, 'Los Perez', 51880),
(4036, 'Pachuquilla', 51860),
(4037, 'Plutarco Gonzalez', 51869),
(4038, 'Plan de Vigas', 51860),
(4039, 'Quinta Manzana', 51864),
(4040, 'San Andres Tepetillan', 51860),
(4041, 'San Jose Tizates', 51889),
(4042, 'Sexta Manzana', 51878),
(4043, 'Tepehuajes', 51862),
(4044, 'Totoltepec de la Paz', 51863),
(4045, 'Triguillos', 51887),
(4046, 'Arroyo Zarco', 50944),
(4047, 'Bellavista', 50943),
(4048, 'Benito Juarez', 50910),
(4049, 'Casa Nueva', 50926),
(4050, 'Cereso Almoloya', 50902),
(4051, 'Cañada de Guadarrama', 50942),
(4052, 'Cieneguillas de Mañones', 50924),
(4053, 'Cieneguillas', 50902),
(4054, 'Citlali', 50920),
(4055, 'Dilatada Centro', 50945),
(4056, 'Del Rio', 50922),
(4057, 'Dilatada Sur', 50945),
(4058, 'El Estanco', 50945),
(4059, 'El Estanco', 50945),
(4060, 'El Tulillo', 50947),
(4061, 'La Cabecera', 50902),
(4062, 'La Galera', 50948),
(4063, 'La Gavia', 50941),
(4064, 'La Palma', 50923),
(4065, 'La Tinaja', 50930),
(4066, 'Loma Blanca', 50938),
(4067, 'Loma el Salitre', 50925),
(4068, 'Mina Mexico', 50903),
(4069, 'Mayorazgo de Leon', 50920),
(4070, 'Mextepec', 50920),
(4071, 'Ocoyotepec Union', 50925),
(4072, 'Ocoyotepec Centro', 50920),
(4073, 'Palos Amarillos', 50928),
(4074, 'Paredon', 50941),
(4075, 'Piedras Blancas', 50929),
(4076, 'San Agustin de las Tablas', 50924),
(4077, 'Salitre de Mañones', 50920),
(4078, 'San Agustin Potege Sur', 50946),
(4079, 'San Agustin Potege Norte', 50946),
(4080, 'San Agustin Potege', 50946),
(4081, 'San Antonio Atotonilco', 50920),
(4082, 'San Diego', 50919),
(4083, 'San Antonio Buenavista', 50945),
(4084, 'San Cristobal', 50918),
(4085, 'San Francisco Tlalcilalcalpan', 50940),
(4086, 'San Lorenzo Cuauhtenco', 50907),
(4087, 'San Mateo Tlalchichilpa', 50902),
(4088, 'San Miguel Arcangel', 50908),
(4089, 'San Pedro de la Concepcion', 50908),
(4090, 'San Nicolas Amealco', 50935),
(4091, 'San Miguel Almoloyan', 50908),
(4092, 'San Pedro de la Hortaliza', 50918),
(4093, 'San Pedro', 50903),
(4094, 'Santa Catarina Tabernillas', 50920),
(4095, 'Santa Juana 1a Secc', 50903),
(4096, 'Santa Juana la Palma', 50921),
(4097, 'Santiaguito', 50902),
(4098, 'Santa Maria Nativitas', 50909),
(4099, 'Tabernillas', 50910),
(4100, 'Yebucivi', 50927),
(4101, 'Almoloya de Juarez Centro', 50900),
(4102, 'Armando Bernal', 50900),
(4103, 'Loma de Juarez', 50900),
(4104, 'Sutuy 4', 50900),
(4105, 'Almoloya del Río', 52540),
(4106, 'Loma Linda (El Canal)', 52540),
(4107, 'La Puerta', 52540),
(4108, 'Agua Bendita', 51280),
(4109, 'Amanalco de Becerra', 51260),
(4110, 'Corral de Piedra', 51290),
(4111, 'El Capulin', 51260),
(4112, 'El Potrero', 51260),
(4113, 'El Temporal', 51270),
(4114, 'Pueblo Nuevo', 51288),
(4115, 'Rincon de Guadalupe', 51260),
(4116, 'San Bartolo', 51260),
(4117, 'San Francisco', 51287),
(4118, 'San Jeronimo', 51260),
(4119, 'San Juan', 51260),
(4120, 'San Lucas', 51260),
(4121, 'San Mateo', 51260),
(4122, 'San Miguel', 51260),
(4123, 'San Sebastian el Chico', 51285),
(4124, 'San Sebastian el Grande', 51289),
(4125, '50 Arrobas', 51537),
(4126, 'Aguacatitlan', 51520),
(4127, 'Amadores', 51537),
(4128, 'Amatepec', 51500),
(4129, 'Ayuquila', 51535),
(4130, 'Campo de la Pelota', 51530),
(4131, 'Campo de Aviacion', 51530),
(4132, 'Coahuilotes', 51528),
(4133, 'Cuadrilla de Lopez', 51534),
(4134, 'Corral de Piedra', 51518),
(4135, 'Del Carmen', 51530),
(4136, 'Dolores', 51520),
(4137, 'El Cerro de las Animas', 51538),
(4138, 'El Cerro del Campo', 51520),
(4139, 'El Malpaso', 51529),
(4140, 'El Fresno', 51526),
(4141, 'El Conejo', 51530),
(4142, 'El Mamey', 51500),
(4143, 'El Monteal', 51516),
(4144, 'El Rancho', 51525),
(4145, 'El Puerto', 51534),
(4146, 'El Salitre Palmarillos', 51535),
(4147, 'El Tlapanco', 51539),
(4148, 'El Sitio', 51538),
(4149, 'El Veladero', 51508),
(4150, 'Huistitla', 51533),
(4151, 'La Cofradia', 51502),
(4152, 'La Goleta', 51500),
(4153, 'La Palma', 51530),
(4154, 'La Prepa', 51530),
(4155, 'Las Latas', 51535),
(4156, 'Las Joyas', 51517),
(4157, 'Los Guajes', 51509),
(4158, 'Los Tamarindos', 51530),
(4159, 'Los Pinzones', 51537),
(4160, 'Los Timbres', 51500),
(4161, 'Matus', 51536),
(4162, 'Palmar Chico', 51530),
(4163, 'Quimichatenco', 51537),
(4164, 'Rincon de la Cofradia', 51510),
(4165, 'Rincon de Esmeralda', 51533),
(4166, 'San Felipe de Jesus', 51518),
(4167, 'San Francisco de los Pinzanes', 51535),
(4168, 'San Martin', 51510),
(4169, 'San Miguel', 51520),
(4170, 'San Lucas Pueblo Nuevo', 51538),
(4171, 'San Simon', 51500),
(4172, 'Santa Barbara', 51530),
(4173, 'Santiago', 51527),
(4174, 'Tepehuajes', 51519),
(4175, 'Tlacotepec', 51518),
(4176, 'Aldea de los Reyes', 56941),
(4177, 'Amecameca de Juarez', 56900),
(4178, 'San Antonio Zoyatzingo', 56950),
(4179, 'San Diego Huehuecalco', 56955),
(4180, 'San Francisco Zentlalpan', 56930),
(4181, 'San Pedro Nexapa', 56960),
(4182, 'Santa Isabel Chalma', 56935),
(4183, 'Santiago Cuautenco', 56940),
(4184, 'Apaxco de Ocampo', 55660),
(4185, 'Coyotillos', 55660),
(4186, 'Perez de Galeana', 55669),
(4187, 'Santa Maria Apaxco', 55660),
(4188, 'Francisco I Madero', 56320),
(4189, 'Nezahualcoyotl', 56303),
(4190, 'San Cristobal Nexquipayac', 56300),
(4191, 'San Francisco Acuexcomac', 56300),
(4192, 'San Salvador Atenco', 56300),
(4193, 'Santa Rosa', 56310),
(4194, 'Santa Isabel Ixtapa', 56301),
(4195, 'Zapotlan', 56300),
(4196, 'Atizapan', 52500),
(4197, 'Santa Cruz Atizapan', 52500),
(4198, '14 de Diciembre', 52977),
(4199, '27 de Septiembre', 52966),
(4200, '3 de Mayo', 52919),
(4201, '5 de Mayo', 52997),
(4202, '5 de Mayo Norte', 52940),
(4203, 'Adolfo Lopez Mateos', 52910),
(4204, 'Aguilas', 52949),
(4205, 'Ahuehuetes', 52953),
(4206, 'Alborada', 52979),
(4207, 'Alfredo V Bonfil', 52940),
(4208, 'Alfredo V Bonfil', 52940),
(4209, 'Atizapan 2000', 52915),
(4210, 'Atizapan Moderno', 52976),
(4211, 'Balcones del Valle', 52954),
(4212, 'Barrio Atizapan', 52945),
(4213, 'Barrio Norte', 52960),
(4214, 'Bellavista', 52995),
(4215, 'Bello Horizonte', 52954),
(4216, 'Bosques de Ixtacala', 52919),
(4217, 'Bosques de Atizapan', 52967),
(4218, 'Bosques de Ixtacala', 52919),
(4219, 'Benito Juarez', 52956),
(4220, 'Bosques de Primavera', 52919),
(4221, 'Bosques de San Martin', 52987),
(4222, 'Boulevares de Atizapan', 52948),
(4223, 'Calacoaya', 52996),
(4224, 'Campestre del Lago', 52917),
(4225, 'Calacoaya', 52990),
(4226, 'Capulines', 52915),
(4227, 'Capistrano', 52988),
(4228, 'Cerro Gordo O Cerro Grande', 52920),
(4229, 'Central de Abastos', 52948),
(4230, 'Club Montesol', 52987),
(4231, 'Ciudad Adolfo Lopez Mateos', 52900),
(4232, 'Coporo', 52967),
(4233, 'Ciudad Adolfo Lopez Mateos Centro', 52900),
(4234, 'Condado de Sayavedra', 52938),
(4235, 'Condoplazas Chiluca', 52930),
(4236, 'Chamacuero', 52924),
(4237, 'Conjunto Taxco', 52996),
(4238, 'Chiluca', 52930),
(4239, 'Chiluca', 52930),
(4240, 'Don Bosco', 52946),
(4241, 'Demetrio Vallejo', 52987),
(4242, 'Del Bosque', 52967),
(4243, 'El Capulin', 52987),
(4244, 'El Cerrito', 52927),
(4245, 'Ejido San Miguel', 52928),
(4246, 'El Chaparral', 52990),
(4247, 'El Chaparral', 52990),
(4248, 'El Calvario', 52997),
(4249, 'El Chicatin', 52987),
(4250, 'El Riachuelo', 52948),
(4251, 'El Potrero', 52975),
(4252, 'El Valle', 52939),
(4253, 'El Tunel', 52916),
(4254, 'Emiliano Zapata', 52918),
(4255, 'Emiliano Zapata', 52918),
(4256, 'Explanada de Calacoaya', 52996),
(4257, 'Exhacienda del Pedregal I Y Ii', 52916),
(4258, 'Fuente del Sol', 52998),
(4259, 'Francisco Villa', 52997),
(4260, 'Fuentes de Satelite', 52998),
(4261, 'Francisco Sarabia', 52916),
(4262, 'Hogares de Atizapan', 52910),
(4263, 'Hacienda del Pedregal', 52918),
(4264, 'Hacienda de la Luz', 52929),
(4265, 'Ignacio Lopez Rayon', 52986),
(4266, 'I S E M Y Y M', 52996),
(4267, 'Izcalli San Javier', 52939),
(4268, 'Jardines de Atizapan', 52978),
(4269, 'Izcalli el Campanario', 52928),
(4270, 'Jardines de Monterrey', 52926),
(4271, 'La Cima', 52948),
(4272, 'Jose Maria Morelos Y Pavon', 52915),
(4273, 'La Concordia', 52956),
(4274, 'La Cruz', 52985),
(4275, 'La Condesa', 52965),
(4276, 'La Ermita', 52970),
(4277, 'La Cruz', 52985),
(4278, 'La Cañada', 52987),
(4279, 'La Era', 52985),
(4280, 'La Hacienda', 52959),
(4281, 'La Barranquita', 52990),
(4282, 'La Explanada', 52945),
(4283, 'La Magueyera', 52953),
(4284, 'La Estadia', 52936),
(4285, 'La Pradera', 52965),
(4286, 'Las Alamedas', 52977),
(4287, 'Las Alamedas', 52970),
(4288, 'Las Flores', 52909),
(4289, 'Las Arboledas', 52950),
(4290, 'Las Acacias', 52978),
(4291, 'Las Peñitas', 52920),
(4292, 'Las Colonias', 52953),
(4293, 'Las Colonias', 52953),
(4294, 'Lazaro Cardenas', 52979),
(4295, 'Lomas de Bellavista', 52994),
(4296, 'Las Peñitas', 52920),
(4297, 'Lomas de San Miguel', 52928),
(4298, 'Lomas de Guadalupe', 52985),
(4299, 'Lomas de San Lorenzo', 52975),
(4300, 'Las Peñitas 3a Secc', 52920),
(4301, 'Lazaro Cardenas del Rio', 52928),
(4302, 'Lopez Mateos Ampliacion', 52910),
(4303, 'Lomas de Santiago Tepalcapa', 52928),
(4304, 'Loma de Maria Luisa', 52916),
(4305, 'Lomas de Montemarias', 52918),
(4306, 'Lomas de las Torres', 52918),
(4307, 'Lomas de Capistrano', 52987),
(4308, 'Lomas de San Martin de Porres', 52990),
(4309, 'Lomas de Atizapan 2a Secc', 52977),
(4310, 'Lomas de Valle Escondido', 52930),
(4311, 'Loma de San Juan', 52915),
(4312, 'Lomas del Sol', 52953),
(4313, 'Lomas de la Hacienda', 52925),
(4314, 'Lomas de San Miguel', 52928),
(4315, 'Lomas de Atizapan', 52977),
(4316, 'Lomas de Atizapan 1a Secc', 52977),
(4317, 'Los Clubes Metropolitanos', 52958),
(4318, 'Los Alamos', 52910),
(4319, 'Los Olivos', 52916),
(4320, 'Lomas Lindas', 52947),
(4321, 'Luis Donaldo Colosio', 52940),
(4322, 'Margarita Maza de Juarez', 52926),
(4323, 'Mayorazgos del Bosque', 52957),
(4324, 'Mayorazgos de los Gigantes', 52957),
(4325, 'Mexico Nuevo', 52966),
(4326, 'Mayorazgos de la Concordia', 52957),
(4327, 'Miraflores', 52918),
(4328, 'Mexico 86', 52915),
(4329, 'Montesol', 52987),
(4330, 'Monte Maria', 52918),
(4331, 'Morelos', 52985),
(4332, 'Oasis de Atizapan', 52967),
(4333, 'Nuevo Madin', 52989),
(4334, 'Paraiso Avicola', 52965),
(4335, 'Paseo de Mexico', 52979),
(4336, 'Palmas', 52918),
(4337, 'Pedregal de Atizapan', 52948),
(4338, 'Pedregal', 52947),
(4339, 'Plazas de San Javier Izcalli', 52939),
(4340, 'Prof Cristobal Higuera', 52940),
(4341, 'Plazas del Condado', 52930),
(4342, 'Plan Sagitario', 52949),
(4343, 'Prados de San Juan Iztacala', 52928),
(4344, 'Popular 6 de Octubre', 52949),
(4345, 'Primero de Septiembre', 52910),
(4346, 'Privada de la Arboleda', 52996),
(4347, 'Prado Largo', 52936),
(4348, 'Privada de las Huertas', 52996),
(4349, 'Prof Cristobal Higuera', 52940),
(4350, 'Residencial Casa Blanca', 52945),
(4351, 'Real de Atizapan', 52945),
(4352, 'Rincon de Bellavista', 52997),
(4353, 'Rincon Colonial', 52996),
(4354, 'Rincon de los Bosques', 52967),
(4355, 'Rincon de la Charreria', 52985),
(4356, 'Rinconada de Atizapan', 52967),
(4357, 'Rinconada Capistrano', 52925),
(4358, 'Revolucion', 52919),
(4359, 'Sagitario 1', 52949),
(4360, 'Rinconada las Arboledas', 52945),
(4361, 'San Antonio de los Pocitos', 52920),
(4362, 'San Gabriel', 52924),
(4363, 'San Jose del Jaral', 52924),
(4364, 'San Jose del Jaral', 52924),
(4365, 'San Juan Ixtacala Norte', 52928),
(4366, 'San Juan Ixtacala Sur', 52928),
(4367, 'San Juan Ixtacala', 52928),
(4368, 'San Martin Calacoaya', 52980),
(4369, 'San Miguel Xochimanga', 52927),
(4370, 'San Martin de Porres Ampliacion', 52980),
(4371, 'San Mateo Tecoloapan', 52920),
(4372, 'San Martin Calacoaya', 52980),
(4373, 'San Miguel', 52956),
(4374, 'Santiago Tepalcapa', 52928),
(4375, 'Sayavedra', 52938),
(4376, 'Terrazas de las Arboledas', 52955),
(4377, 'Tierra de Enmedio', 52929),
(4378, 'Valle Escondido', 52937),
(4379, 'Torres de Atizapan', 52953),
(4380, 'Universidad Metropolitana', 52919),
(4381, 'Valle Escondido', 52937),
(4382, 'Valle Escondido', 52937),
(4383, 'Villa Jardin', 52923),
(4384, 'Vergel de las Arboledas', 52945),
(4385, 'Villa de las Torres', 52915),
(4386, 'Valle Nuevo', 52945),
(4387, 'Verdin', 52958),
(4388, 'Villas de la Condesa', 52965),
(4389, 'Villa Sol', 52987),
(4390, 'Villas de las Palmas', 52918),
(4391, 'Villa de las Palmas', 52918),
(4392, 'Villas de la Hacienda', 52929),
(4393, 'Zona Industrial 2', 52968),
(4394, 'Vista Bella', 52995),
(4395, 'Zona Industrial 1', 52968),
(4396, 'Villas San Jose', 52926),
(4397, 'Zaragoza Unidad Urbana', 52965),
(4398, '2da Seccion Electricistas', 50450),
(4399, 'Atlacomulco de Fabela', 50450),
(4400, 'Atlavilla', 50450),
(4401, 'Atotonilco', 50450),
(4402, 'Bobashi de Guadalupe', 50450),
(4403, 'Calvario', 50450),
(4404, 'Centro Administrativo', 50450),
(4405, 'Cerrito Colorado', 50460),
(4406, 'Cuendo', 50459),
(4407, 'Cuatro Milpas', 50450),
(4408, 'Chosto de los Jarros', 50450),
(4409, 'Diximoxi', 50462),
(4410, 'Dolores la Joya', 50469),
(4411, 'El Rincon de la Candelaria', 50450),
(4412, 'El Salto', 50469),
(4413, 'Federal Martinez', 50450),
(4414, 'Felipe Ureña', 50450),
(4415, 'Garita', 50450),
(4416, 'Geranios', 50450),
(4417, 'Isidro Fabela', 50450),
(4418, 'Isidro Fabela 2da Seccion', 50450),
(4419, 'La Mora', 50450),
(4420, 'La Palma', 50462),
(4421, 'La Mesa del Chosto', 50453),
(4422, 'Manto del Rio Arriba', 50454),
(4423, 'Manto del Rio', 50454),
(4424, 'Miguel Portillo Saldaña', 50450),
(4425, 'Morelos', 50450),
(4426, 'Pueblo Nuevo', 50480),
(4427, 'Rincon de las Flores', 50450),
(4428, 'San Antonio Enchisi', 50480),
(4429, 'San Ignacio de Loyola', 50469),
(4430, 'San Bartolo del Arenal', 50462),
(4431, 'San Bartolo Lanzados', 50450),
(4432, 'San Francisco Chalchihuapan', 50480),
(4433, 'San Jeronimo de los Jarros', 50450),
(4434, 'San Jose Toxi', 50450),
(4435, 'San Jose del Tunal', 50450),
(4436, 'San Luis Boro', 50469),
(4437, 'San Juan de los Jarros', 50450),
(4438, 'San Lorenzo Tlacotepec', 50450),
(4439, 'San Pedro del Rosal', 50480),
(4440, 'Santa Cruz Bombatevi', 50450),
(4441, 'Santo Domingo Shomege', 50453),
(4442, 'Santiago Acotzilapa', 50480),
(4443, 'Tecoac', 50450),
(4444, 'Tierras Blancas', 50460),
(4445, 'Ticti', 50450),
(4446, 'Atlautla de Victoria', 56970),
(4447, 'Guadalupe Hidalgo', 56979),
(4448, 'Las Delicias', 56982),
(4449, 'Popo Park', 56983),
(4450, 'Popo Park', 56983),
(4451, 'San Andres Tlalamac', 56970),
(4452, 'San Juan Tehuixtitlan', 56980),
(4453, 'San Juan Tepecoculco', 56970),
(4454, 'Atla', 55965),
(4455, 'Axapusco', 55940),
(4456, 'Cuauhtemoc', 55940),
(4457, 'Ignacio Ramirez', 55951),
(4458, 'Guadalupe Relinas', 55950),
(4459, 'Jaltepec', 55965),
(4460, 'Ometusco', 55960),
(4461, 'San Antonio Ometusco', 55960),
(4462, 'San Bartolo Alto', 55940),
(4463, 'San Felipe Zacatepec', 55950),
(4464, 'San Bartolo Abajo', 55940),
(4465, 'San Martin', 55940),
(4466, 'San Pablo Xuchi', 55954),
(4467, 'San Miguel Ometusco', 55963),
(4468, 'Santa Maria Aticpac', 55952),
(4469, 'Santo Domingo Aztacameca', 55955),
(4470, 'Tlamapa', 55956),
(4471, 'Zoapayuca', 55940),
(4472, 'Xala', 55963),
(4473, 'Ayapango de Gabriel Ramos Millan', 56760),
(4474, 'Pahuacan', 56777),
(4475, 'Poxtla', 56766),
(4476, 'San Bartolo Miahuacan', 56776),
(4477, 'Tlamapa', 56767),
(4478, 'Calimaya de Diaz Gonzalez', 52200),
(4479, 'La Concepcion Coatipac', 52233),
(4480, 'La Cruz Coantitlan', 52233),
(4481, 'Manuel Villada', 52200),
(4482, 'San Andres Ocotlan', 52231),
(4483, 'San Diego la Hierba', 52200),
(4484, 'San Bartolito', 52231),
(4485, 'San Lorenzo Cuauhtenco', 52232),
(4486, 'San Marcos de la Cruz', 52200),
(4487, 'Santa Maria Nativitas', 52230),
(4488, 'Zaragoza de Guadalupe', 52200),
(4489, 'Aculco (El Paraíso)', 56783),
(4490, 'Amilco', 56780),
(4491, 'Chavarría (Paraje Puerta)', 56785),
(4492, 'El Mirador', 56784),
(4493, 'El Pedregal (Teotoxtipan)', 56783),
(4494, 'La Palma Tenango', 56780),
(4495, 'San Isidro Labrador (El Piaje)', 56783),
(4496, 'San Juan Coxtocan', 56780),
(4497, 'San Luis Aculco', 56783),
(4498, 'San Mateo Tepopula', 56780),
(4499, 'San Miguel', 56780),
(4500, 'San Miguel (Las Espinas)', 56783),
(4501, 'Santiago Tepopula', 56780),
(4502, 'Saturnino (Tepalcapa)', 56783),
(4503, 'Tecuatitla (Colonia Nueva Tecuatitla)', 56783),
(4504, 'Tres Platos', 56784),
(4505, 'Acatzingo', 52353),
(4506, 'Buenos Aires', 52304),
(4507, 'Campesina', 52304),
(4508, 'Centro', 52300),
(4509, 'Cruz Blanca', 52330),
(4510, 'Cruz Verde', 52305),
(4511, 'De Valle', 52303),
(4512, 'Del Bosque', 52303),
(4513, 'El Carrizal', 52303),
(4514, 'El Cerrito (Los Charcos)', 52316),
(4515, 'El Coloso', 52307),
(4516, 'El Festival', 52305),
(4517, 'El Guarda', 52353),
(4518, 'El Paraíso', 52315),
(4519, 'El Porvenir', 52340),
(4520, 'El Zarzal', 52355),
(4521, 'Gómez Tagle', 52317),
(4522, 'Guadalupe', 52303),
(4523, 'José Herrera (La Deportiva)', 52316),
(4524, 'La Aurora', 52305),
(4525, 'La Azteca', 52356),
(4526, 'La Cooperativa', 52353);
INSERT INTO `colonia` (`CLAVE_COLONIA`, `COLONIA_NOMBRE`, `CP`) VALUES
(4527, 'La Estación', 52304),
(4528, 'La Hacienda de Cuautenango', 52323),
(4529, 'La Haciendita', 52336),
(4530, 'La Herradura', 52334),
(4531, 'La Isleta', 52337),
(4532, 'La Joya', 52305),
(4533, 'La Loma (Las Ruinas)', 52357),
(4534, 'La Providencia', 52316),
(4535, 'La Soya', 52303),
(4536, 'La Tabla', 52304),
(4537, 'Las Atoleras', 52303),
(4538, 'Las Crucecitas', 52316),
(4539, 'Las Minas', 52354),
(4540, 'Lázaro Cárdenas', 52330),
(4541, 'León Guzmán', 52303),
(4542, 'Loma Rancho Juan Méndez', 52346),
(4543, 'Loma San Joaquín', 52316),
(4544, 'Los Cedros', 52305),
(4545, 'Los Cedros', 52353),
(4546, 'Los Lavaderos', 52333),
(4547, 'Magisterial', 52303),
(4548, 'Magisterial', 52305),
(4549, 'Monte Calvario', 52307),
(4550, 'Narciso Bassols', 52304),
(4551, 'Ojo de Agua', 52303),
(4552, 'Parque Industrial', 52303),
(4553, 'Real de Tetela', 52303),
(4554, 'San Bartolomé Atlatlahuca', 52350),
(4555, 'San Francisco Putla', 52340),
(4556, 'San Francisco Tepexoxuca', 52333),
(4557, 'San Francisco Tetetla', 52310),
(4558, 'San Isidro', 52300),
(4559, 'San Isidro', 52343),
(4560, 'San José', 52304),
(4561, 'San José (Barranca Mocha)', 52355),
(4562, 'San Juan Tepehuizco', 52347),
(4563, 'San Martín', 52305),
(4564, 'San Miguel Balderas', 52345),
(4565, 'San Pedro Tlanixco', 52355),
(4566, 'San Pedro Zictepec', 52330),
(4567, 'San Román', 52356),
(4568, 'Santa Cecilia', 52357),
(4569, 'Santa Cruz Pueblo Nuevo', 52346),
(4570, 'Santa María Jajalpa', 52320),
(4571, 'Santa Martha', 52303),
(4572, 'Santiaguito Cuaxustenco', 52315),
(4573, 'Santo Niño de Atocha', 52303),
(4574, 'Tecamicalli', 52305),
(4575, 'Tenango de Arista', 52300),
(4576, 'Teotenango', 52303),
(4577, 'Acolco', 54786),
(4578, 'Analco', 54783),
(4579, 'Atzacoalco', 54784),
(4580, 'Axalpa', 54786),
(4581, 'Cuaxoxoca', 54786),
(4582, 'Ejidal Santa Cruz del Monte', 54786),
(4583, 'Ex-Hacienda San José Puente Grande', 54785),
(4584, 'Fresno 2000', 54783),
(4585, 'Guadalupe', 54786),
(4586, 'Hacienda Beatriz', 54770),
(4587, 'La Era', 54786),
(4588, 'La Providencia', 54783),
(4589, 'La Victoria', 54785),
(4590, 'Los Olivos', 54785),
(4591, 'Misiones Teoloyucan', 54770),
(4592, 'Sagitario', 54784),
(4593, 'San Bartolo Tlaxihuicalco', 54784),
(4594, 'San José', 54785),
(4595, 'San Juan', 54783),
(4596, 'San Sebastián', 54786),
(4597, 'Santa Cruz', 54783),
(4598, 'Santa María Caliacac', 54783),
(4599, 'Santiago', 54784),
(4600, 'Santo Tomás', 54783),
(4601, 'Santo Tomás', 54783),
(4602, 'Tepanquiahuac', 54783),
(4603, 'Tlatenco', 54770),
(4604, 'Tlatilco', 54770),
(4605, 'Villas Teoloyucan', 54770),
(4606, 'Zimapan', 54786),
(4607, 'Acatitla', 55803),
(4608, 'Ampliación Cadena Maquixco', 55843),
(4609, 'Ampliación Ejidal Maquixco', 55840),
(4610, 'Ampliación Ejidal Tlajinga', 55825),
(4611, 'Ampliación San Francisco', 55826),
(4612, 'Atlatongo', 55838),
(4613, 'Colatitla', 55803),
(4614, 'De los Deportes', 55830),
(4615, 'Del Valle', 55830),
(4616, 'El Cayahual', 55843),
(4617, 'El Mirador', 55807),
(4618, 'El Portal', 55816),
(4619, 'El Potrero', 55833),
(4620, 'El Potrero (Ejido Purificación)', 55838),
(4621, 'El Tejocote', 55803),
(4622, 'Hacienda Cadena', 55844),
(4623, 'Huepalco', 55833),
(4624, 'Loma del Cerro Colorado', 55817),
(4625, 'Metepec (Estación Metepec)', 55824),
(4626, 'Militar', 55807),
(4627, 'Nueva Evangelista', 55806),
(4628, 'Nueva San Pedro', 55803),
(4629, 'Nueva Santa María', 55823),
(4630, 'Nueva Teotihuacan', 55806),
(4631, 'Oxtoyáhuatl (Barrio Purificación)', 55810),
(4632, 'Palomar Atlatongo', 55845),
(4633, 'Palomar Maquixco', 55845),
(4634, 'Purificación', 55804),
(4635, 'Puxtla', 55805),
(4636, 'San Agustín Actipac', 55843),
(4637, 'San Francisco Mazapa', 55820),
(4638, 'San Isidro del Progreso', 55847),
(4639, 'San Juan Evangelista', 55816),
(4640, 'San Juan Teotihuacan de Arista', 55800),
(4641, 'San Juan Teotihuacan Zona Arqueológica', 55829),
(4642, 'San Lorenzo', 55837),
(4643, 'San Lorenzo Tlalmimilolpan', 55830),
(4644, 'San Sebastián', 55836),
(4645, 'San Sebastián Xolalpa', 55824),
(4646, 'Santa Catarina', 55835),
(4647, 'Santa María Coatlán', 55835),
(4648, 'Santa María Cozotlán', 55810),
(4649, 'Santa María Maquixco', 55840),
(4650, 'Santiago Atlatongo', 55834),
(4651, 'Santiago Zacualuca', 55846),
(4652, 'Tercera Sección de Atlatongo (Cerro Ocuilán)', 55846),
(4653, 'Villas de Teotihuacan', 55807),
(4654, 'El Tepetloxto (Colonia Lomas de San Gabriel)', 56074),
(4655, 'Huerta Padilla', 56070),
(4656, 'La Concepción Jolalpan', 56070),
(4657, 'La Loma (La Loma San Isidro)', 56093),
(4658, 'La Trinidad', 56083),
(4659, 'Los Reyes Nopala', 56094),
(4660, 'San Andrés de las Peras', 56086),
(4661, 'San Bernardo Tlalmimilolpan', 56085),
(4662, 'San Francisco Jolalpan', 56070),
(4663, 'San Juan Totolapan', 56080),
(4664, 'San Pablo Jolalpan', 56070),
(4665, 'San Pedro Chiautzingo', 56087),
(4666, 'Santiago', 56077),
(4667, 'Santo Tomás Apipilhuasco', 56080),
(4668, 'Tepetlaoxtoc de Hidalgo', 56070),
(4669, 'Tolteca Teopan', 56096),
(4670, '2o. Agrupamiento de Seg. Púb. Est. Tepetlixpa', 56884),
(4671, 'Alotepec', 56894),
(4672, 'Buenavista', 56880),
(4673, 'Casa Blanca (Km. Setenta y Seis)', 56893),
(4674, 'Chimalaca', 56884),
(4675, 'Corregidora (Texcalera)', 56886),
(4676, 'Cuauhnextle', 56895),
(4677, 'Del Guapo', 56880),
(4678, 'Del Rincón Brujo', 56880),
(4679, 'El Cerro', 56884),
(4680, 'Emiliano Zapata', 56880),
(4681, 'Granera', 56880),
(4682, 'Granja Alborada', 56884),
(4683, 'Granja Nepantla', 56893),
(4684, 'La Venta', 56880),
(4685, 'Las Cruces', 56893),
(4686, 'Los Limones', 56884),
(4687, 'Nepantla de Sor Juana Inés', 56890),
(4688, 'Piñuelas (Guayabitos)', 56895),
(4689, 'San Esteban Cuecuecuautitla', 56885),
(4690, 'San Isidro', 56880),
(4691, 'Santa Cruz', 56893),
(4692, 'Santa Rosa', 56893),
(4693, 'Sofía', 56884),
(4694, 'Tepetlixpa', 56880),
(4695, 'Texcalama (El Montoncito Texcalama)', 56894),
(4696, 'Texcalera', 56880),
(4697, 'Tlaximulco (Rancho de la Cruz)', 56886),
(4698, 'Xocotla', 56880),
(4699, 'Ampliación Los Potros (Tres Piedras)', 54607),
(4700, 'Arboleda', 54616),
(4701, 'Arcos del Sitio', 54645),
(4702, 'Cañada de Cisneros', 54650),
(4703, 'Capula', 54603),
(4704, 'Cedros', 54605),
(4705, 'Centro', 54600),
(4706, 'Club Virreyes', 54650),
(4707, 'El Arroyo', 54607),
(4708, 'El Convento', 54610),
(4709, 'El Gavillero', 54640),
(4710, 'El Jagüey', 54655),
(4711, 'El Mirador', 54650),
(4712, 'El Puerto de los Huizaches', 54655),
(4713, 'El Refugio', 54602),
(4714, 'El Tejocote', 54602),
(4715, 'El Trébol', 54614),
(4716, 'Granjas Hogar y Petrohuertos Delegación', 54655),
(4717, 'Guadalupe', 54602),
(4718, 'Hacienda la Concepción', 54650),
(4719, 'Industrial el Trébol', 54610),
(4720, 'La Concepción', 54655),
(4721, 'La Joya', 54655),
(4722, 'La Lumbrera', 54607),
(4723, 'La Luz', 54650),
(4724, 'La Luz', 54655),
(4725, 'La Palmita', 54602),
(4726, 'La Pedrera (La Mina)', 54655),
(4727, 'La Tecla', 54615),
(4728, 'Lanzarote', 54650),
(4729, 'Las Animas', 54616),
(4730, 'Las Cabañas', 54658),
(4731, 'Las Lechuguillas', 54658),
(4732, 'Loma Bonita', 54607),
(4733, 'Los Álamos', 54608),
(4734, 'Los Dolores (Ex-hacienda los Dolores)', 54640),
(4735, 'Lumbrera II', 54615),
(4736, 'Paseo los Virreyes', 54608),
(4737, 'Puente Grande', 54610),
(4738, 'Reserva Ecológica Xochitla', 54610),
(4739, 'Ricardo Flores Magón', 54607),
(4740, 'San Bartolo', 54655),
(4741, 'San José', 54602),
(4742, 'San José', 54650),
(4743, 'San José la Teja', 54607),
(4744, 'San Martín', 54600),
(4745, 'San Mateo Xoloc', 54600),
(4746, 'San Miguel Cañadas', 54656),
(4747, 'San Vicente', 54655),
(4748, 'Santa Cruz', 54604),
(4749, 'Santa Rita', 54655),
(4750, 'Santiago', 54650),
(4751, 'Santiago Cuautlalpan', 54650),
(4752, 'Santiago el Alto', 54650),
(4753, 'Texcacoa', 54605),
(4754, 'Titini', 54650),
(4755, 'Tlacateco', 54605),
(4756, 'Villas del Convento', 54605),
(4757, 'Adolfo López Mateos', 55650),
(4758, 'Ejidal General Wenceslao Labra', 55656),
(4759, 'El Cenicero', 55657),
(4760, 'El Crucero', 55654),
(4761, 'El Refugio', 55655),
(4762, 'Ex-Hacienda San Sebastián', 55650),
(4763, 'La Esperanza', 55653),
(4764, 'La Heredad', 55654),
(4765, 'La Rinconada', 55653),
(4766, 'Monte Alto', 55653),
(4767, 'Palo Grande', 55655),
(4768, 'San José', 55654),
(4769, 'San Mateo', 55657),
(4770, 'San Miguel', 55650),
(4771, 'Tequixquiac Centro', 55650),
(4772, 'Tlapanaloya', 55653),
(4773, 'Acatitlán', 51693),
(4774, 'Agua del Trébol', 51694),
(4775, 'Arroyo Seco', 51697),
(4776, 'Carbajal', 51695),
(4777, 'Chiquintepec', 51696),
(4778, 'El Agostadero', 51673),
(4779, 'El Chapaneal', 51675),
(4780, 'Gavia Chica ( Rincón )', 51675),
(4781, 'Huayatenco', 51695),
(4782, 'Jesús del Monte', 51693),
(4783, 'Las Lágrimas', 51680),
(4784, 'Las Paredes', 51694),
(4785, 'Las Tablas', 51675),
(4786, 'Llano Grande', 51676),
(4787, 'Los Lirios', 51675),
(4788, 'Noxtepec', 51695),
(4789, 'Nueva Santa María', 51676),
(4790, 'Ojo de Agua', 51674),
(4791, 'Palmillas', 51674),
(4792, 'Palo Amarillo', 51673),
(4793, 'Rastrojo Largo', 51695),
(4794, 'San Agustín', 51675),
(4795, 'San Francisco', 51697),
(4796, 'San José', 51675),
(4797, 'San Miguel', 51690),
(4798, 'Santa María', 51676),
(4799, 'Texcaltitlán', 51670),
(4800, 'Texcapilla', 51676),
(4801, 'Tlacotepec', 51673),
(4802, 'Venta Morales ( El Pedregal )', 51673),
(4803, 'Venta Morales (La Laguna)', 51674),
(4804, 'Yuytepec', 51693),
(4805, 'La Joya Maravillas', 52570),
(4806, 'San Mateo Texcalyacac', 52570),
(4807, 'Ahuehuetes', 56140),
(4808, 'Ampliación Leyes de Reforma', 56225),
(4809, 'Bellavista', 56223),
(4810, 'Bordo Poniente', 56268),
(4811, 'Buenavista', 56224),
(4812, 'Colegio de Postgraduados', 56264),
(4813, 'Condominios Maye', 56130),
(4814, 'Conjunto la Trinidad', 56130),
(4815, 'Cooperativo', 56227),
(4816, 'El Arenal', 56255),
(4817, 'El Batán', 56237),
(4818, 'El Capulín Sur', 56227),
(4819, 'El Carmen', 56140),
(4820, 'El Molino de Flores', 56235),
(4821, 'El Retiro', 56103),
(4822, 'El Tejocote', 56265),
(4823, 'El Trabajo', 56255),
(4824, 'El Xolache I', 56170),
(4825, 'El Xolache II', 56170),
(4826, 'Embotelladores', 56150),
(4827, 'Emiliano Zapata', 56204),
(4828, 'Emiliano Zapata-ISSSTE', 56227),
(4829, 'Fray Servando Teresa de Mier', 56225),
(4830, 'Guadalupe', 56250),
(4831, 'Guadalupe Amanalco', 56245),
(4832, 'Guadalupe Victoria', 56267),
(4833, 'INFONAVIT', 56130),
(4834, 'ISSEMYM', 56130),
(4835, 'Jardines de Santa Inés', 56243),
(4836, 'Joyas de San Mateo', 56110),
(4837, 'Joyas de Santa Ana', 56170),
(4838, 'La Cabaña', 56226),
(4839, 'La Concepción', 56263),
(4840, 'La Conchita', 56130),
(4841, 'La Magdalena Panoaya', 56203),
(4842, 'La Paz', 56130),
(4843, 'La Purificación Tepetitla', 56240),
(4844, 'La Resurrección', 56216),
(4845, 'La Trinidad', 56130),
(4846, 'Las Américas', 56170),
(4847, 'Las Bugambilias', 56226),
(4848, 'Las Salinas', 56106),
(4849, 'Las Tijeras', 56257),
(4850, 'Las Vegas', 56150),
(4851, 'Lázaro Cárdenas', 56207),
(4852, 'Lázaro Cárdenas', 56265),
(4853, 'Leyes de Reforma', 56225),
(4854, 'Lomas de Cristo', 56225),
(4855, 'Lomas de La Cruz', 56257),
(4856, 'Lomas de San Esteban', 56257),
(4857, 'Los Jilgueros', 56130),
(4858, 'Los Pinos', 56257),
(4859, 'Los Reyes San Salvador', 56214),
(4860, 'Los Sauces', 56160),
(4861, 'Montecillo', 56264),
(4862, 'Nezahualcóyotl (Boyeros)', 56263),
(4863, 'Niños Héroes', 56160),
(4864, 'Paraíso 300', 56254),
(4865, 'Pentecostés', 56215),
(4866, 'Praderas de Tecuac', 56253),
(4867, 'Profesores', 56227),
(4868, 'Quintas del Valle', 56255),
(4869, 'Salitrería', 56150),
(4870, 'San Andrés (La Alcanforera)', 56260),
(4871, 'San Antonio', 56150),
(4872, 'San Bartolo', 56243),
(4873, 'San Bernardino', 56260),
(4874, 'San Diego', 56230),
(4875, 'San Dieguito Xochimanca', 56246),
(4876, 'San Felipe', 56205),
(4877, 'San Felipe', 56256),
(4878, 'San Jerónimo Amanalco', 56244),
(4879, 'San Joaquín Coapango', 56243),
(4880, 'San José (El Paraíso)', 56255),
(4881, 'San José Texopa', 56213),
(4882, 'San Juan', 56253),
(4883, 'San Juan de Dios', 56103),
(4884, 'San Juan Potreros', 56254),
(4885, 'San Juan Tezontla', 56243),
(4886, 'San Juanito', 56120),
(4887, 'San Lorenzo', 56140),
(4888, 'San Luis Huexotla', 56220),
(4889, 'San Martín', 56140),
(4890, 'San Mateo', 56170),
(4891, 'San Mateo Huexotla', 56226),
(4892, 'San Miguel Coatlinchán', 56250),
(4893, 'San Miguel Tlaixpan', 56247),
(4894, 'San Miguel Tocuila', 56208),
(4895, 'San Nicolás Huexotla', 56227),
(4896, 'San Nicolás Tlaminca', 56247),
(4897, 'San Olegario', 56263),
(4898, 'San Pablo Ixayoc', 56245),
(4899, 'San Pedro', 56105),
(4900, 'San Pedro', 56160),
(4901, 'San Pedro Cuautlanpan', 56255),
(4902, 'San Sebastián', 56130),
(4903, 'San Simón', 56210),
(4904, 'Santa Catarina del Monte', 56245),
(4905, 'Santa Cruz de Abajo', 56205),
(4906, 'Santa Cruz de Arriba', 56120),
(4907, 'Santa Cruz Mexicapa', 56243),
(4908, 'Santa Inés', 56243),
(4909, 'Santa Irene', 56263),
(4910, 'Santa Lucía', 56256),
(4911, 'Santa María Nativitas', 56246),
(4912, 'Santa María Tecuanulco', 56244),
(4913, 'Santa María Tulantongo', 56217),
(4914, 'Santa Martha', 56266),
(4915, 'Santa Úrsula', 56150),
(4916, 'Santiago Cuautlalpan', 56255),
(4917, 'Santiaguito', 56217),
(4918, 'Sector Popular', 56226),
(4919, 'SUTEYN', 56233),
(4920, 'Tepetitlán', 56254),
(4921, 'Tequexquinahuac', 56246),
(4922, 'Tex Plus', 56160),
(4923, 'Texcoco de Mora Centro', 56100),
(4924, 'Tulipanes', 56227),
(4925, 'Universidad Autónoma de Chapingo', 56227),
(4926, 'Valle de Santa Cruz', 56120),
(4927, 'Valle de Tláloc', 56253),
(4928, 'Vicente Riva Palacio', 56200),
(4929, 'Villas de Santiago', 56255),
(4930, 'Villas de Tolimpa', 56225),
(4931, 'Wenceslao Victoria', 56264),
(4932, 'Xala', 56217),
(4933, 'Xocotlán', 56236),
(4934, 'Zaragoza-San Pablo', 56110),
(4935, 'Ampliación Tezoyuca', 56010),
(4936, 'Buenos Aires', 56003),
(4937, 'De Tequisistlán Primero', 56024),
(4938, 'El Oasis', 56006),
(4939, 'Guadalupano (Ejido Tequisistlán)', 56023),
(4940, 'La Ascención', 56005),
(4941, 'Resurrección', 56004),
(4942, 'San Felipe', 56007),
(4943, 'Santiago', 56006),
(4944, 'Tequisistlán', 56020),
(4945, 'Tezoyuca', 56000),
(4946, '20 de Noviembre', 52600),
(4947, 'Ahuatenco', 52667),
(4948, 'Atlantlacpac', 52666),
(4949, 'Campesina', 52665),
(4950, 'Chiquixpac Sección Dos (Chiquilpa)', 52664),
(4951, 'Chiquixpac Sección Uno', 52664),
(4952, 'Cipreses', 52600),
(4953, 'Coamilpa de Juárez (El Colero)', 52653),
(4954, 'El Apilulco', 52656),
(4955, 'El Buen Suceso', 52644),
(4956, 'El Tejocote', 52646),
(4957, 'Ex-hacienda de Atenco (Atenco)', 52645),
(4958, 'Guadalupe Rhon de Hank', 52600),
(4959, 'Guadalupe Yancuictlalpan (Gualupita)', 52603),
(4960, 'Isidro Fabela', 52600),
(4961, 'Izcalli', 52600),
(4962, 'Jardines de Santiago', 52605),
(4963, 'La Lagunilla', 52665),
(4964, 'La Magdalena de los Reyes (La Magdalena)', 52656),
(4965, 'La Mora', 52605),
(4966, 'La Palma', 52607),
(4967, 'Las Granjas', 52603),
(4968, 'Metztitla', 52665),
(4969, 'Mumana-Átl', 52665),
(4970, 'Ocotenco', 52667),
(4971, 'Pueblo Nuevo', 52664),
(4972, 'San Bartolo del Progreso (San Bartolo)', 52665),
(4973, 'San Cayetano', 52600),
(4974, 'San Felipe Mirasol (El Mirasol)', 52654),
(4975, 'San Isidro', 52604),
(4976, 'San Isidro', 52645),
(4977, 'San José Mezapa Sección Dos', 52613),
(4978, 'San José Mezapa Sección Uno', 52613),
(4979, 'San Lorenzo Huehuetitlán', 52614),
(4980, 'San Miguel', 52640),
(4981, 'San Nicolás Coatepec de las Bateas', 52660),
(4982, 'San Pedro Tlaltizapan', 52640),
(4983, 'Santa Cruz de Bravo (Santa Cruz)', 52656),
(4984, 'Santiago Tianguistenco de Galeana', 52600),
(4985, 'Santiago Tilapa', 52650),
(4986, 'Techmaninalli', 52664),
(4987, 'Texoconalco', 52665),
(4988, 'Tierra Colorada', 52663),
(4989, 'Tlacomulco', 52666),
(4990, 'Tlacuitlapa', 52665),
(4991, 'Tlaminca', 52667),
(4992, 'Tzitzicazapa', 52664),
(4993, 'Agua Bendita', 50525),
(4994, 'Aguacate', 50504),
(4995, 'Barrio de Ocampo', 50507),
(4996, 'Campo Santo', 50505),
(4997, 'El Palmito (San José el Palmito)', 50528),
(4998, 'Huapango', 50510),
(4999, 'Iturbide (La Campesina)', 50520),
(5000, 'Lomas de Emiliano Zapata (Las Lomas)', 50523),
(5001, 'M Bodo', 50503),
(5002, 'N Gunzda', 50504),
(5003, 'N Teje', 50503),
(5004, 'N Zititi', 50503),
(5005, 'N Zola', 50505),
(5006, 'Primera Manzana Barrio de Hidalgo', 50520),
(5007, 'Primera Manzana de Barrio Iturbide', 50507),
(5008, 'Primera Manzana de Barrio Morelos', 50525),
(5009, 'Primera Manzana de Cañada de Lobos', 50525),
(5010, 'Primera Manzana de San Nicolás(Puerto San Nicolás)', 50508),
(5011, 'Primera Manzana de Zaragoza', 50509),
(5012, 'Primera Manzana del Pueblo de Rincón de Bucio', 50526),
(5013, 'Quinto Barrio Santiaguito Maxda (Enzdá)', 50540),
(5014, 'San Andrés Timilpan', 50500),
(5015, 'San Antonio Yondejé', 50540),
(5016, 'Santiaguito Maxdá', 50540),
(5017, 'Segunda Manzana', 50505),
(5018, 'Segunda Manzana Barrio de Hidalgo', 50525),
(5019, 'Segunda Manzana de Barrio Iturbide', 50507),
(5020, 'Segunda Manzana de Barrio Morelos', 50524),
(5021, 'Segunda Manzana de Cañada de Lobos', 50526),
(5022, 'Segunda Manzana de San Nicolás', 50508),
(5023, 'Segunda Manzana de Zaragoza', 50509),
(5024, 'Segunda Manzana del Pueblo de Rincón de Bucio', 50526),
(5025, 'Tercera Manzana de Barrio Iturbide Ixcaja', 50525),
(5026, 'Tercera Manzana de Barrio Morelos', 50525),
(5027, 'Tercera Manzana de Zaragoza', 50509),
(5028, 'Tercera Manzana del Pueblo de Rincón de Bucio', 50527),
(5029, '21 de Marzo', 56720),
(5030, 'Alfa y Omega', 56713),
(5031, 'Anselmo Granados', 56746),
(5032, 'Cerro de Cruz', 56700),
(5033, 'Chantico I', 56715),
(5034, 'Chantico II', 56715),
(5035, 'Cruz de Mayo', 56700),
(5036, 'Cruz de Mayo 1', 56700),
(5037, 'Cuautenampa (La Quebradora)', 56714),
(5038, 'De la Comunidad', 56700),
(5039, 'De La Peña', 56744),
(5040, 'De los Chincolos', 56700),
(5041, 'De Tula', 56700),
(5042, 'El Cedral', 56745),
(5043, 'El Centenario', 56700),
(5044, 'El Edén', 56700),
(5045, 'El Encinal', 56744),
(5046, 'El Escribiente', 56715),
(5047, 'El Faro', 56744),
(5048, 'El Magueyal Dos', 56716),
(5049, 'Fernando de la Macorra', 56713),
(5050, 'Gavillero (Rancho el Gavillero)', 56714),
(5051, 'Granjas San José', 56700),
(5052, 'Hermanos Peña', 56700),
(5053, 'Hidalgo', 56743),
(5054, 'INFONAVIT Fidel Velazquez', 56700),
(5055, 'Jerusalén', 56700),
(5056, 'La Cañada', 56745),
(5057, 'La Cuesta', 56746),
(5058, 'La Encumbre', 56715),
(5059, 'La Escondida', 56714),
(5060, 'La esperanza', 56700),
(5061, 'La Esperanza', 56703),
(5062, 'La Huerta', 56703),
(5063, 'La Joya (La Rosa)', 56747),
(5064, 'La Ladrillera', 56731),
(5065, 'La Mesa', 56714),
(5066, 'Ladrilleras las Margaritas', 56740),
(5067, 'Las Conchitas', 56720),
(5068, 'Las Palomas', 56730),
(5069, 'Loma Linda', 56743),
(5070, 'Lomas del Pedregal', 56710),
(5071, 'Los Cuartos', 56744),
(5072, 'Magisterial', 56700),
(5073, 'Obrera', 56743),
(5074, 'Pueblo Nuevo', 56723),
(5075, 'Rumorosa', 56700),
(5076, 'Salvador Angulo', 56715),
(5077, 'San Antonio Tlaltecahuacán', 56735),
(5078, 'San Cristobal Tezopilo', 56700),
(5079, 'San Diego', 56700),
(5080, 'San José Zavaleta', 56731),
(5081, 'San Juan Atzacualoya', 56720),
(5082, 'San Lorenzo Tlalmiminolpan', 56704),
(5083, 'San Pedro', 56700),
(5084, 'San Rafael', 56740),
(5085, 'Santa Cruz', 56726),
(5086, 'Santa María', 56715),
(5087, 'Santa Rita', 56713),
(5088, 'Santo Tomás Atzingo', 56730),
(5089, 'Solidaridad', 56744),
(5090, 'Tepopotal', 56747),
(5091, 'Tlalmanalco', 56700),
(5092, 'Valle plateado', 56703),
(5093, 'Vergel de la Sierra', 56716),
(5094, 'Villa Rincón de las Montañas', 56714),
(5095, 'Vista Bella', 56700),
(5096, 'Vista Hermosa', 56703),
(5097, '21 de Marzo', 54010),
(5098, 'Acueducto Tenayuca', 54150),
(5099, 'Adolfo López Mateos', 54070),
(5100, 'Ahuehuetes', 54150),
(5101, 'Alta Vista', 54000),
(5102, 'Ampliación La Arboleda', 54108),
(5103, 'Ampliación San Javier', 54030),
(5104, 'Ampliación Valle Ceylán', 54150),
(5105, 'Ampliación Vista Hermosa', 54080),
(5106, 'Angeles San José', 54196),
(5107, 'Arcos Electra', 54060),
(5108, 'Arenal Tenayuca', 54150),
(5109, 'Artemisa', 54160),
(5110, 'Atrás del Tequiquil', 54180),
(5111, 'Bahía del Copal', 54196),
(5112, 'Balcones del Valle', 54049),
(5113, 'Barrientos', 54015),
(5114, 'Barrientos Gustavo Baz', 54010),
(5115, 'Bellavista Puente de Vigas', 54080),
(5116, 'Bellavista Satélite', 54054),
(5117, 'Benito Juárez (Tequex.)', 54020),
(5118, 'Benito Juárez Centro', 54068),
(5119, 'Bosques de Ceylán', 54170),
(5120, 'Bosques de México', 54050),
(5121, 'Centro Industrial Tlalnepantla', 54030),
(5122, 'Ceylán Ixtacala', 54162),
(5123, 'Chalma La Barranca', 54143),
(5124, 'Chalma La Unión', 54142),
(5125, 'Club de Golf Bellavista', 54054),
(5126, 'Colinas de San José', 54195),
(5127, 'Comunidad Betania', 54017),
(5128, 'Condominio Tequexquináhuac', 54020),
(5129, 'Condominios San Rafael', 54128),
(5130, 'Condominios Villas Satélite', 54080),
(5131, 'Conjunto Pintores', 54080),
(5132, 'Constitución de 1917', 54190),
(5133, 'Constituyentes de 1857', 54190),
(5134, 'Cooperativa La Romana', 54110),
(5135, 'Cuauhtémoc', 54124),
(5136, 'Cumbres del Valle', 54025),
(5137, 'División del Norte', 54190),
(5138, 'Dr. Jorge Jiménez Cantú', 54190),
(5139, 'Ecuestre Residencial San José', 54187),
(5140, 'El Arenal', 54180),
(5141, 'El Cortijo', 54070),
(5142, 'El Dorado', 54020),
(5143, 'El Gran Dorado', 54020),
(5144, 'El Mirador', 54080),
(5145, 'El Olivo I', 54110),
(5146, 'El Olivo II Parte Alta Carlos Pichardo Cruz', 54119),
(5147, 'El Olivo II Parte Baja', 54119),
(5148, 'El Puerto', 54140),
(5149, 'El Rosal', 54130),
(5150, 'El Tejocote', 54160),
(5151, 'El Tenayo', 54147),
(5152, 'El Tenayo Centro', 54140),
(5153, 'El Tenayo Norte', 54140),
(5154, 'El Tenayo Sur', 54140),
(5155, 'El Triángulo', 54037),
(5156, 'Electra', 54060),
(5157, 'Ex Ejido de Santa Cecilia', 54130),
(5158, 'Ex Hacienda de En Medio', 54172),
(5159, 'Ex-Ejido de San Lucas Patoni', 54140),
(5160, 'Ex-Ejido de Tepeolulco', 54193),
(5161, 'Ex-Hacienda de Santa Mónica', 54050),
(5162, 'Ferrocarrilera San Rafael', 54127),
(5163, 'FFCC Cecilia Mora Viuda de Gómez', 54140),
(5164, 'FFCC Concepción Zepeda Viuda de Gómez Z.', 54190),
(5165, 'Francisco Villa', 54059),
(5166, 'Franja Férrea', 54118),
(5167, 'Franja Municipal', 54110),
(5168, 'Gustavo Baz Prada', 54120),
(5169, 'Gustavo Baz Prada Ampliación', 54120),
(5170, 'Gustavo Baz Prada Los Reyes Ixtacala', 54098),
(5171, 'Hogar Obrero', 54110),
(5172, 'Hogares Ferrocarrileros', 54090),
(5173, 'Hugo Cervantes del Río', 54149),
(5174, 'IMSS Tlalnepantla', 54030),
(5175, 'Independencia', 54130),
(5176, 'Independencia Ampliación', 54130),
(5177, 'Isidro Fabela', 54110),
(5178, 'Izcalli Acatitlán', 54140),
(5179, 'Izcalli del Río', 54130),
(5180, 'Izcalli Pirámide', 54140),
(5181, 'Izcalli Pirámide II', 54140),
(5182, 'Jacarandas', 54050),
(5183, 'Jacarandas Ampliación', 54050),
(5184, 'Jardines Bellavista', 54054),
(5185, 'Jardines de la Cañada', 54130),
(5186, 'Jardines de Santa Cecilia', 54134),
(5187, 'Jardines de Santa Mónica', 54050),
(5188, 'Jardines Santa Cecilia INFONAVIT', 54130),
(5189, 'Jesús Garcia Corona', 54030),
(5190, 'José María Velasco', 54016),
(5191, 'La Arboleda', 54109),
(5192, 'La Azteca', 54010),
(5193, 'La Blanca', 54110),
(5194, 'La Cantera', 54140),
(5195, 'La Cañada', 54120),
(5196, 'La Comunidad', 54070),
(5197, 'La Cuchilla', 54146),
(5198, 'La Escuela', 54090),
(5199, 'La Ferrocarrilera El Hoyo', 54033),
(5200, 'La Joya Chica', 54020),
(5201, 'La Joya Ixtacala', 54160),
(5202, 'La Laguna', 54190),
(5203, 'La Loma', 54060),
(5204, 'La Loma', 54060),
(5205, 'La Mora', 54090),
(5206, 'La Nueva Ferrocarrilera', 54030),
(5207, 'La Petrolera', 54190),
(5208, 'La Presa', 54187),
(5209, 'La Providencia', 54010),
(5210, 'La Purísima', 54152),
(5211, 'La Riviera', 54009),
(5212, 'La Romana', 54030),
(5213, 'La Sideral', 54108),
(5214, 'Laderas de San Javier', 54028),
(5215, 'Las Arboledas', 54026),
(5216, 'Las Armas', 54080),
(5217, 'Las Margaritas', 54050),
(5218, 'Las Palomas', 54100),
(5219, 'Las Rosas', 54069),
(5220, 'Lázaro Cárdenas 1ra. Sección', 54189),
(5221, 'Lázaro Cárdenas 2da. Sección', 54189),
(5222, 'Lázaro Cárdenas 3ra. Sección', 54189),
(5223, 'Leandro Valle', 54040),
(5224, 'Loma Azul', 54021),
(5225, 'Loma Bonita', 54120),
(5226, 'Loma Escondida', 54150),
(5227, 'Lomas Boulevares', 54020),
(5228, 'Lomas de Atlaco', 54023),
(5229, 'Lomas de Lindavista El Copal', 54198),
(5230, 'Lomas de San Andrés Atenco', 54040),
(5231, 'Lomas de San Andrés Atenco Ampliación', 54040),
(5232, 'Lomas de San Juan Ixhuatepec', 54180),
(5233, 'Lomas de Valle Dorado', 54023),
(5234, 'Lomas del Calvario', 54110),
(5235, 'Lomas Tulpan', 54023),
(5236, 'Los Ángeles', 54198),
(5237, 'Los Ángeles', 54130),
(5238, 'Los Cedros', 54090),
(5239, 'Los Parajes', 54120),
(5240, 'Los Pirules', 54040),
(5241, 'Los Pirules Ampliación', 54023),
(5242, 'Los Reyes', 54073),
(5243, 'Los Reyes', 54075),
(5244, 'Los Reyes Ixtacala 1ra. Sección', 54090),
(5245, 'Los Reyes Ixtacala 2da. Sección', 54075),
(5246, 'Los Tejavanes', 54076),
(5247, 'Magisterial Siglo XXI', 54187),
(5248, 'Magisterial Vista Bella', 54050),
(5249, 'Maravillas Ceylán', 54173),
(5250, 'Margaritas Ampliación', 54050),
(5251, 'Marina Nacional', 54190),
(5252, 'Media Luna', 54130),
(5253, 'Miguel Hidalgo', 54060),
(5254, 'Miraflores', 54160),
(5255, 'Natura', 54080),
(5256, 'Niños Héroes', 54017),
(5257, 'Nueva Ixtacala', 54160),
(5258, 'Nuevo México', 54110),
(5259, 'P.I.P.S.A.', 54160),
(5260, 'Plaza de las Rosas', 54069),
(5261, 'Plazas de la Colina', 54080),
(5262, 'Poder de Dios', 54158),
(5263, 'Prado Ixtacala', 54160),
(5264, 'Prado Vallejo', 54170),
(5265, 'Prensa Nacional', 54170),
(5266, 'Puente de Vigas', 54090),
(5267, 'Puente de Vigas', 54090),
(5268, 'Rancho San Antonio', 54070),
(5269, 'Rancho San Rafael Amates', 54120),
(5270, 'Real del Ocho', 54080),
(5271, 'Reforma Urbana', 54110),
(5272, 'Residencial Privanza', 54054),
(5273, 'Residencias del Parque', 54080),
(5274, 'Rincón de Bella Vista', 54054),
(5275, 'Rincón del Valle', 54040),
(5276, 'Rinconada del Paraíso', 54063),
(5277, 'Río San Javier', 54126),
(5278, 'Rivera del Bosque', 54038),
(5279, 'Robles Patera', 54022),
(5280, 'Rosario 1 Sector CROC II', 54090),
(5281, 'Rosario 1 Sector CROC III-A', 54090),
(5282, 'Rosario 1 Sector CROC V Bugambilias', 54092),
(5283, 'Rosario 1 Sector CROC VII', 54090),
(5284, 'Rosario 1 Sector II-CA', 54090),
(5285, 'Rosario 1 Sector II-CB', 54090),
(5286, 'Rosario 1 Sector II-CD', 54090),
(5287, 'Rosario 1 Sector III-A', 54090),
(5288, 'Rosario 1 Sector III-B', 54090),
(5289, 'Rosario 1 Sector III-C', 54090),
(5290, 'Rosario Ceylán', 54092),
(5291, 'Rosario I Sector CROC III B', 54090),
(5292, 'Rosario II Gasera', 54093),
(5293, 'Rosario II Hipódromo Textil', 54094),
(5294, 'Rosario II Sector I', 54090),
(5295, 'Rosario II Sector II', 54090),
(5296, 'Rosario II Sector III', 54090),
(5297, 'San Andrés Atenco', 54040),
(5298, 'San Andrés Atenco Ampliación', 54040),
(5299, 'San Antonio Ixtacala', 54160),
(5300, 'San Bartolo Tenayuca', 54150),
(5301, 'San Buenaventura', 54135),
(5302, 'San Buenaventura', 54136),
(5303, 'San Felipe Ixtacala', 54160),
(5304, 'San Isidro Ixhuatepec', 54197),
(5305, 'San Javier', 54030),
(5306, 'San Jerónimo Tepetlacalco', 54090),
(5307, 'San Jerónimo Tepetlacalco', 54090),
(5308, 'San José Ixhuatepec', 54180),
(5309, 'San José Puente de Vigas', 54070),
(5310, 'San José Puente de Vigas', 54090),
(5311, 'San Juan Ixhuatepec', 54180),
(5312, 'San Juan Ixtacala', 54160),
(5313, 'San Juan Ixtacala Ampliación Norte', 54168),
(5314, 'San Lorenzo', 54033),
(5315, 'San Lucas Patoni', 54100),
(5316, 'San Lucas Tepetlacalco', 54055),
(5317, 'San Lucas Tepetlacalco Ampliación', 54055),
(5318, 'San Miguel Chalma', 54140),
(5319, 'San Nicolás', 54030),
(5320, 'San Pablo Xalpa', 54090),
(5321, 'San Pablo Xalpa', 54170),
(5322, 'San Pedro Barrientos', 54010),
(5323, 'San Rafael', 54120),
(5324, 'San Rafael', 54120),
(5325, 'Santa Cecilia', 54130),
(5326, 'Santa Cecilia Acatitlán', 54130),
(5327, 'Santa María Tlayacampa', 54110),
(5328, 'SEDENA', 54090),
(5329, 'Tabla Honda', 54126),
(5330, 'Tabla Honda', 54126),
(5331, 'Tabla Honda', 54145),
(5332, 'Tepetlacalco A. C.', 54080),
(5333, 'Tequexquináhuac', 54020),
(5334, 'Tequexquinahuac Parte Alta', 54020),
(5335, 'Tlalcalli', 54067),
(5336, 'Tlalnemex', 54070),
(5337, 'Tlalnepantla Centro', 54000),
(5338, 'Tlaxcopan', 54030),
(5339, 'Tlayapa', 54120),
(5340, 'Unbidad CROC Solidaridad', 54100),
(5341, 'Unidad Barrientos', 54110),
(5342, 'Valle Ceylán', 54150),
(5343, 'Valle de las Pirámides', 54130),
(5344, 'Valle de los Pinos 1ra Sección', 54040),
(5345, 'Valle de los Pinos 2da. Sección', 54060),
(5346, 'Valle de Santa Mónica', 54057),
(5347, 'Valle del Paraíso', 54060),
(5348, 'Valle del Tenayo', 54147),
(5349, 'Valle Dorado', 54020),
(5350, 'Valle Hermoso', 54010),
(5351, 'Valle Sol', 54060),
(5352, 'Valle Verde', 54040),
(5353, 'Venustiano Carranza', 54170),
(5354, 'Vista Hermosa', 54080),
(5355, 'Viveros de La Loma', 54080),
(5356, 'Viveros del Río', 54060),
(5357, 'Viveros del Valle', 54060),
(5358, 'Xocoyahualco', 54080),
(5359, 'Agua Fría', 51569),
(5360, 'Amacuatitla', 51577),
(5361, 'Ancón de la Presa', 51599),
(5362, 'Ancón de los Curieles', 51584),
(5363, 'Azúchil', 51560),
(5364, 'Barranca de las Flores', 51572),
(5365, 'Barriales', 51558),
(5366, 'Benito Juárez', 51557),
(5367, 'Cacahuananche', 51566),
(5368, 'Cascalote', 51587),
(5369, 'Cerro Blanco', 51574),
(5370, 'Cerro de Aguacatepec', 51578),
(5371, 'Cerro de los Bautistas', 51564),
(5372, 'Cerro del Morado', 51554),
(5373, 'Chachalacatenco', 51572),
(5374, 'Charco del Lagarto', 51575),
(5375, 'Cirián Grande', 51587),
(5376, 'Coahuilotes', 51566),
(5377, 'Coatepec', 51553),
(5378, 'Corral de Piedra', 51578),
(5379, 'Corral de Piedra Dos', 51554),
(5380, 'Corral Parota', 51559),
(5381, 'Cruz del Norte', 51577),
(5382, 'Cuadrilla de Gutiérrez', 51556),
(5383, 'Cuadrilla de las Flores', 51579),
(5384, 'Cuadrilla de los Sotero', 51558),
(5385, 'Cuadrilla del Cirián (Cirián Grande)', 51579),
(5386, 'Cuadrilla Nueva', 51576),
(5387, 'Cuadrilla Nueva', 51584),
(5388, 'Dieciocho de Marzo', 51553),
(5389, 'El Alambique', 51572),
(5390, 'El Arenal', 51554),
(5391, 'El Ciruelo', 51569),
(5392, 'El Devanador', 51565),
(5393, 'El Gavilán', 51577),
(5394, 'El Guayabo', 51587),
(5395, 'El Guitarratel', 51588),
(5396, 'El Higo Prieto', 51584),
(5397, 'El Limo', 51580),
(5398, 'El Limón', 51556),
(5399, 'El Llano', 51587),
(5400, 'El Mango', 51556),
(5401, 'El Mango', 51578),
(5402, 'El Manguito', 51575),
(5403, 'El Montón', 51573),
(5404, 'El Naranjito', 51566),
(5405, 'El Naranjito', 51569),
(5406, 'El Naranjo', 51598),
(5407, 'El Naranjo Palmar Grande', 51582),
(5408, 'El Poroche', 51564),
(5409, 'El Potrero', 51555),
(5410, 'El Reparo', 51569),
(5411, 'El Revelado', 51554),
(5412, 'El Salitre Ojo de Agua', 51584),
(5413, 'El Salitrillo', 51578),
(5414, 'El Sauz', 51588),
(5415, 'El Suchual', 51579),
(5416, 'El Tamarindo', 51573),
(5417, 'El Temblor', 51598),
(5418, 'El Terroncillo', 51553),
(5419, 'El Tiquimil', 51564),
(5420, 'El Toroal', 51573),
(5421, 'El Zapote', 51566),
(5422, 'El Zopilote', 51576),
(5423, 'Huixtitla', 51587),
(5424, 'Juntas de Santa Ana Zicatecoyan', 51576),
(5425, 'Juntas del Paso Topilar', 51554),
(5426, 'Juntas del Río Limón', 51556),
(5427, 'La Alcantarilla', 51578),
(5428, 'La Cofradía', 51558),
(5429, 'La Cofradia', 51579),
(5430, 'La Cubata', 51565),
(5431, 'La Cueva', 51553),
(5432, 'La Guacamaya', 51559),
(5433, 'La Laguna Puerto de la Arena', 51555),
(5434, 'La Lagunilla', 51568),
(5435, 'La Parota', 51573),
(5436, 'La Parota', 51599),
(5437, 'La Víbora', 51569),
(5438, 'Las Esmeraldas', 51588),
(5439, 'Las Esmeraldas (Puerto del Órgano)', 51588),
(5440, 'Las Juntas', 51598),
(5441, 'Las Juntas de Azúchil', 51564),
(5442, 'Las Juntas del Paso', 51569),
(5443, 'Limón Terrero', 51560),
(5444, 'Loma Larga', 51553),
(5445, 'Los Hornos', 51574),
(5446, 'Los Limones', 51569),
(5447, 'Los Miraveles', 51553),
(5448, 'Los Ocotes', 51557),
(5449, 'Macuatitla', 51583),
(5450, 'Mayaltepec', 51587),
(5451, 'Mazatitla', 51559),
(5452, 'Moctezuma', 51576),
(5453, 'Nuevo Copaltepec', 51598),
(5454, 'Palma Torcida', 51583),
(5455, 'Palmar Grande', 51582),
(5456, 'Palos Altos', 51598),
(5457, 'Palos Verdes', 51586),
(5458, 'Paso de Jaquinicuil', 51569),
(5459, 'Peña Blanca', 51587),
(5460, 'Peña Colorada', 51572),
(5461, 'Peña del Agua', 51553),
(5462, 'Peña del Órgano', 51575),
(5463, 'Pie del Cerro', 51579),
(5464, 'Pie del Cerro San Vicente', 51583),
(5465, 'Piedra Ancha', 51553),
(5466, 'Pinzán Morado', 51572),
(5467, 'Plan de la Cuadrilla', 51555),
(5468, 'Plan del Alambique', 51572),
(5469, 'Pueblo Nuevo', 51558),
(5470, 'Puerto de la Arena', 51555),
(5471, 'Puerto de los Martínez', 51588),
(5472, 'Puerto Frío', 51553),
(5473, 'Puerto Minatitlán', 51577),
(5474, 'Puerto Seco', 51577),
(5475, 'Rancho Cua', 51576),
(5476, 'Rancho Viejo', 51587),
(5477, 'Ranchos Nuevos', 51566),
(5478, 'Rincón del Aguacate', 51578),
(5479, 'Rincón Grande', 51590),
(5480, 'Río Topilar', 51574),
(5481, 'Salitre Grande', 51578),
(5482, 'San Antonio del Rosario', 51598),
(5483, 'San Felipe Tepehuastitlán', 51579),
(5484, 'San Francisco de Asís', 51580),
(5485, 'San Juan Corral', 51573),
(5486, 'San Juan Tetitlán', 51557),
(5487, 'San Lucas', 51579),
(5488, 'San Mateo', 51556),
(5489, 'San Pedro Limón', 51585),
(5490, 'Santa Ana Zicatecoyan', 51570),
(5491, 'Santa Cruz', 51559),
(5492, 'Santa María', 51559),
(5493, 'Tecomatlán', 51554),
(5494, 'Tejupilquito', 51579),
(5495, 'Teopazul', 51553),
(5496, 'Tierra Blanca', 51570),
(5497, 'Tlacocuspan', 51580),
(5498, 'Tlatlaya', 51550),
(5499, 'Vuelta del Río', 51565),
(5500, '14 de Diciembre', 50100),
(5501, '2 de Marzo', 50285),
(5502, '3 Caminos', 50020),
(5503, '5 de Mayo', 50090),
(5504, 'Acuxtitla', 50258),
(5505, 'Agua Bendita', 50256),
(5506, 'Alcaltunco', 50290),
(5507, 'Alejandría', 50260),
(5508, 'Almoloya de Juárez', 50285),
(5509, 'Altamirano', 50130),
(5510, 'Américas', 50130),
(5511, 'Ampliación Lázaro Cárdenas', 50180),
(5512, 'Apilulco', 50257),
(5513, 'Armando Neyra Chavez', 50200),
(5514, 'Arroyo Vista Hermosa', 50236),
(5515, 'Aviación Autopan', 50295),
(5516, 'Azteca', 50180),
(5517, 'Balbuena', 50295),
(5518, 'Balcones de San Felipe', 50254),
(5519, 'Balcones Santín', 50214),
(5520, 'Barrio San Gabriel', 50200),
(5521, 'Benito Juárez', 50190),
(5522, 'Benito Juárez', 50257),
(5523, 'Bordo de las Canastas', 50225),
(5524, 'Bordo Nuevo', 50290),
(5525, 'Bosques de Cantabria', 50210),
(5526, 'Bosques de Colón', 50180),
(5527, 'Bosques de la Mora', 50020),
(5528, 'Bosques de San Mateo', 50100),
(5529, 'Buenavista', 50273),
(5530, 'Cacalomacán Centro', 50265),
(5531, 'Calixtlahuaca', 50280),
(5532, 'Campo Real', 50245),
(5533, 'Campo Real I', 50245),
(5534, 'Campo Real II', 50245),
(5535, 'Campo Real III', 50245),
(5536, 'Capultitlán Centro', 50260),
(5537, 'Carlos Hank González', 50026),
(5538, 'Celanese', 50010),
(5539, 'Centro', 50000),
(5540, 'Centro SCT México', 50069),
(5541, 'Cerrillo Piedras Blancas', 50295),
(5542, 'Chichipicas', 50290),
(5543, 'Chupascliya', 50290),
(5544, 'Científicos', 50075),
(5545, 'Ciprés', 50120),
(5546, 'Club Jardín', 50010),
(5547, 'Colón', 50120),
(5548, 'Comisión Federal de Electricidad', 50150),
(5549, 'Contra Caja', 50290),
(5550, 'Cristo Rey', 50255),
(5551, 'Cuauhtémoc', 50130),
(5552, 'Cultural', 50110),
(5553, 'De Atotonilco', 50103),
(5554, 'De Canaleja', 50220),
(5555, 'De Cristo Rey', 50263),
(5556, 'De Jesús 1a. Sección', 50290),
(5557, 'De Jesús 2a. Sección', 50290),
(5558, 'De Jesús 3a. Sección', 50294),
(5559, 'De la Crespa', 50016),
(5560, 'De la Cruz', 50263),
(5561, 'De Pueblo Nuevo', 50294),
(5562, 'De Santa Cruz', 50294),
(5563, 'De Santa María', 50294),
(5564, 'De Tlanepantla', 50103),
(5565, 'De Tlayaca', 50103),
(5566, 'Del Campo', 50265),
(5567, 'Del Deporte', 50110),
(5568, 'Del Espíritu Santo', 50263),
(5569, 'Del Panteón', 50010),
(5570, 'Del Panteón', 50254),
(5571, 'Del Panteón', 50265),
(5572, 'Del Parque', 50180),
(5573, 'Del Pozo', 50290),
(5574, 'Del Pozo Blanco', 50283),
(5575, 'Del Tejocote', 50295),
(5576, 'Doctores', 50060),
(5577, 'Dos Ríos', 50253),
(5578, 'Ejido Santa Cruz Atzcapotzaltongo', 50290),
(5579, 'El Balcón', 50010),
(5580, 'El Cajón', 50290),
(5581, 'El Calvario', 50286),
(5582, 'El Calvario', 50253),
(5583, 'El Calvario', 50256),
(5584, 'El Calvario', 50284),
(5585, 'El Canal', 50256),
(5586, 'El Carmen Totoltepec', 50240),
(5587, 'El Cerrillo Vista Hermosa', 50235),
(5588, 'El Cerrito', 50290),
(5589, 'El Cerro del Perico', 50290),
(5590, 'El Chamizal', 50258),
(5591, 'El Charco', 50019),
(5592, 'El Chorrito', 50265),
(5593, 'El Coecillo', 50246),
(5594, 'El Cóporo', 50050),
(5595, 'El Cruzado', 50257),
(5596, 'El Durazno', 50255),
(5597, 'El Frontón', 50254),
(5598, 'El Mirador', 50254),
(5599, 'El Mirador', 50255),
(5600, 'El Mogote', 50018),
(5601, 'El Mogote', 50254),
(5602, 'El Mostrante', 50258),
(5603, 'El Olimpo', 50240),
(5604, 'El Pacífico', 50260),
(5605, 'El Refugio', 50255),
(5606, 'El Rosario', 50258),
(5607, 'El Seminario 1a Sección', 50170),
(5608, 'El Seminario 2a Sección', 50170),
(5609, 'El Seminario 3a Sección', 50170),
(5610, 'El Seminario 4a Sección', 50170),
(5611, 'El Seminario 5a Sección', 50170),
(5612, 'El Tejocote', 50010),
(5613, 'El Tepetate', 50286),
(5614, 'El Trigo', 50100),
(5615, 'Electricistas Locales', 50040),
(5616, 'Emiliano Zapata', 50190),
(5617, 'Eva Sámano de López Mateos', 50190),
(5618, 'Ex-Hacienda San Jorge', 50100),
(5619, 'Federal (Adolfo López Mateos)', 50120),
(5620, 'Fidel Velázquez', 50070),
(5621, 'Francisco Murguía El Ranchito', 50130),
(5622, 'Galaxia Toluca', 50295),
(5623, 'Galaxias de San Lorenzo', 50010),
(5624, 'Geo Villas de la Ind', 50228),
(5625, 'Geo Villas de la Ind. II', 50228),
(5626, 'Geovillas Centenario', 50225),
(5627, 'Geovillas de San Mateo', 50227),
(5628, 'Geovillas los Cedros', 50228),
(5629, 'Gran Morada', 50010),
(5630, 'Granjas', 50120),
(5631, 'Guadalupe', 50010),
(5632, 'Guadalupe', 50255),
(5633, 'Guadalupe', 50258),
(5634, 'Guadalupe', 50265),
(5635, 'Guadalupe San Buenaventura', 50110),
(5636, 'Guadalupe Totoltepec', 50235),
(5637, 'Hacienda del Valle I', 50210),
(5638, 'Hacienda del Valle II', 50210),
(5639, 'Hacienda La Galia', 50245),
(5640, 'Hacienda San Agustín', 50010),
(5641, 'Hacienda San José', 50210),
(5642, 'Hermanos de la Vega', 50180),
(5643, 'Héroes del 5 de Mayo', 50170),
(5644, 'Huitzila', 50060),
(5645, 'Independencia', 50070),
(5646, 'Isidro Fabela 1a Sección', 50170),
(5647, 'Isidro Fabela 2a Sección', 50170),
(5648, 'Izcalli IPIEM', 50150),
(5649, 'Izcalli Toluca', 50150),
(5650, 'Jardines de la Crespa', 50016),
(5651, 'Jardines de San Pedro', 50253),
(5652, 'Jesús García Lovera \"El Pilar\"', 50245),
(5653, 'Jicaltepec Autopan', 50290),
(5654, 'Jicaltepec Cuexconitlán', 50205),
(5655, 'Juan Beltrán', 50150),
(5656, 'Julián Escalante', 50295),
(5657, 'Junta Local de Caminos', 50285),
(5658, 'La Alameda', 50245),
(5659, 'La Arboleda', 50228),
(5660, 'La Arboleda II', 50226),
(5661, 'La Arboleda III', 50226),
(5662, 'La Arboleda IV', 50228),
(5663, 'La Arboleda V', 50228),
(5664, 'La Cañada', 50250),
(5665, 'La Capilla', 50265),
(5666, 'La Comunidad', 50253),
(5667, 'La Concepción', 50200),
(5668, 'La Constitución Totoltepec', 50236),
(5669, 'La Crespa', 50228),
(5670, 'La Cruz', 50258),
(5671, 'La Cruz Comalco', 50010),
(5672, 'La Curva', 50250),
(5673, 'La Era', 50260),
(5674, 'La Floresta', 50227),
(5675, 'La Granja', 50290),
(5676, 'La Joya', 50257),
(5677, 'La Joya', 50257),
(5678, 'La Joya', 50100),
(5679, 'La Joya de Ignacio Esquivel', 50257),
(5680, 'La Loma', 50010),
(5681, 'La Loma', 50250),
(5682, 'La Loma', 50265),
(5683, 'La Loma Cuexcontitlán', 50206),
(5684, 'La Machincuepa', 50168),
(5685, 'La Magdalena', 50190),
(5686, 'La Magdalena', 50210),
(5687, 'La Magdalena', 50010),
(5688, 'La Merced (Alameda)', 50080),
(5689, 'La Palma', 50265),
(5690, 'La Palma Toltepec', 50285),
(5691, 'La Pena', 50286),
(5692, 'La Pena', 50283),
(5693, 'La Retama', 50040),
(5694, 'La Ribera I', 50100),
(5695, 'La Ribera II', 50100),
(5696, 'La Ribera III', 50100),
(5697, 'La Ribera IV', 50100),
(5698, 'La Teresona', 50040),
(5699, 'La Trinidad', 50200),
(5700, 'La Trinidad', 50295),
(5701, 'La Vega', 50290),
(5702, 'La Venta', 50254),
(5703, 'La Virgen de Guadalupe', 50263),
(5704, 'Las Barraanquitas', 50256),
(5705, 'Las Brisas', 50017),
(5706, 'Las Bugambilias', 50285),
(5707, 'Las Bugambilias', 50245),
(5708, 'Las Flores', 50018),
(5709, 'Las Fuentes', 50228),
(5710, 'Las Fuentes del Ordal', 50228),
(5711, 'Las Fuentes Ind.', 50228),
(5712, 'Las Haciendas', 50170),
(5713, 'Las Jaras San Nicolás', 50295),
(5714, 'Las Margaritas', 50250),
(5715, 'Las Misiones', 50230),
(5716, 'Las Nicolás', 50295),
(5717, 'Las Palmas', 50256),
(5718, 'Las Palmas', 50264),
(5719, 'Las Palomas', 50250),
(5720, 'Las Palomas', 50265),
(5721, 'Las Torres', 50075),
(5722, 'Lázaro Cárdenas', 50285),
(5723, 'Lázaro Cárdenas', 50180),
(5724, 'Linda Vista', 50255),
(5725, 'Loma Bonita', 50254),
(5726, 'Loma Bonita', 50255),
(5727, 'Loma Bonita', 50257),
(5728, 'Loma Bonita', 50115),
(5729, 'Lomas Altas', 50060),
(5730, 'Lomas de San Mateo', 50100),
(5731, 'Los Ahuehuetes', 50240),
(5732, 'Los Álamos', 50253),
(5733, 'Los Ángeles', 50020),
(5734, 'Los Cipreses', 50283),
(5735, 'Los Frailes', 50020),
(5736, 'Los Girasoles', 50010),
(5737, 'Los Girasoles I', 50010),
(5738, 'Los Girasoles II', 50010),
(5739, 'Los Girasoles III', 50010),
(5740, 'Los Girasoles IV', 50010),
(5741, 'Los Héroes I', 50245),
(5742, 'Los Héroes II', 50246),
(5743, 'Los Héroes III', 50246),
(5744, 'Los Pajaritos', 50255),
(5745, 'Los Pinos', 50263),
(5746, 'Los Pocitos', 50284),
(5747, 'Los Sabinos', 50228),
(5748, 'Los Sauces I', 50210),
(5749, 'Los Sauces II', 50210),
(5750, 'Los Sauces III', 50210),
(5751, 'Los Sauces IV', 50210),
(5752, 'Los Sauces V', 50210),
(5753, 'María Bonita', 50245),
(5754, 'Meteoro', 50070),
(5755, 'Miguel Hidalgo (Corralitos)', 50100),
(5756, 'Misiones de Santa Esperanza', 50227),
(5757, 'Moderna de la Cruz', 50180),
(5758, 'Morelos 1a Sección', 50120),
(5759, 'Morelos 2a Secc', 50120),
(5760, 'Natividad', 50200),
(5761, 'Niños Héroes', 50100),
(5762, 'Niños Héroes (Pensiones)', 50060),
(5763, 'Nueva Oxtotitlán', 50100),
(5764, 'Nueva San Francisco', 50225),
(5765, 'Nueva Santa María', 50140),
(5766, 'Nueva Santa María de las Rosas', 50140),
(5767, 'Ocho Cedros', 50170),
(5768, 'Ocho Cedros 2a Sección', 50170),
(5769, 'Ojo de Agua', 50285),
(5770, 'Palmillas', 50285),
(5771, 'Paraje el Ocote', 50258),
(5772, 'Paraje Tlalmimilolpan', 50255),
(5773, 'Parque de San Mateo', 50100),
(5774, 'Parque industrial Exportec I', 50223),
(5775, 'Parque industrial Exportec II', 50223),
(5776, 'Parque industrial San Antonio', 50016),
(5777, 'Parque Industrial San Cayetano', 50295),
(5778, 'Parque industrial Toluca', 50293),
(5779, 'Parque industrial Toluca 2000', 50233),
(5780, 'Parque industrial Vesta', 50233),
(5781, 'Parques Nacionales', 50100),
(5782, 'Paseo Tollocan INFONAVIT', 50123),
(5783, 'Paseos de Toluca', 50227),
(5784, 'Paseos del Pilar', 50200),
(5785, 'Paseos del Valle', 50260),
(5786, 'Paseos San Martín', 50285),
(5787, 'Paseos Santín', 50214),
(5788, 'Pedregal', 50274),
(5789, 'Plazas de San Buenaventura', 50110),
(5790, 'Prados de Tollocan', 50240),
(5791, 'Progreso', 50150),
(5792, 'Protinbos', 50100),
(5793, 'Pueblo Nuevo', 50274),
(5794, 'Puxinco', 50258),
(5795, 'Rancho Buenavista', 50258),
(5796, 'Rancho de Maya', 50250),
(5797, 'Rancho Dolores', 50170),
(5798, 'Rancho la Mora', 50020),
(5799, 'Rancho San José', 50210),
(5800, 'Real de San Pablo', 50295),
(5801, 'Real del Bosque', 50110),
(5802, 'Reforma y Ferrocarriles Nacionales', 50070),
(5803, 'Residencial la Joya', 50245),
(5804, 'Rincón de San Lorenzo', 50017),
(5805, 'Rincón del Parque', 50100),
(5806, 'Rinconada de la Mora', 50020),
(5807, 'Rinconadas del Pilar', 50227),
(5808, 'Sagrado Corazón de Jesús', 50265),
(5809, 'Salvador Sánchez Colín', 50150),
(5810, 'San Andrés Cuexcontitlán', 50200),
(5811, 'San Angelin', 50010),
(5812, 'San Antonio', 50018),
(5813, 'San Antonio Abad', 50245),
(5814, 'San Antonio Buenavista', 50266),
(5815, 'San Bernardino', 50080),
(5816, 'San Blas Otzacatipan', 50230),
(5817, 'San Blas Totoltepec', 50230),
(5818, 'San Buenaventura', 50110),
(5819, 'San Carlos', 50295),
(5820, 'San Carlos Autopan', 50295),
(5821, 'San Cayetano Morelos', 50295),
(5822, 'San Cristóbal Huichochitlán', 50200),
(5823, 'San Diego', 50295),
(5824, 'San Diego de los Padres Cuexcontitlán', 50205),
(5825, 'San Diego de los Padres Otzacatipan', 50205),
(5826, 'San Diego Linares', 50206),
(5827, 'San Felipe de Jesús', 50264),
(5828, 'San Felipe Tlalmimilolpan', 50250),
(5829, 'San Francisco', 50235),
(5830, 'San Francisco Totoltepec', 50235),
(5831, 'San Isidro', 50285),
(5832, 'San Isidro Labrador', 50263),
(5833, 'San Jerónimo', 50245),
(5834, 'San José', 50264),
(5835, 'San José Buenavista', 50295),
(5836, 'San José Guadalupe', 50200),
(5837, 'San José Guadalupe Otzacatipan', 50230),
(5838, 'San José la Costa', 50295),
(5839, 'San Juan Apóstol', 50263),
(5840, 'San Juan Buenavista', 50060),
(5841, 'San Juan de la Cruz', 50010),
(5842, 'San Juan Tilapa Centro', 50255),
(5843, 'San Judas Tadeo', 50264),
(5844, 'San Lorenzo Tepaltitlán Centro', 50010),
(5845, 'San Luis Obispo', 50040),
(5846, 'San Marcos Yachihuacaltepec', 50285),
(5847, 'San Marcos Yachihuacaltepec', 50285),
(5848, 'San Martín Toltepec', 50285),
(5849, 'San Mateo', 50295),
(5850, 'San Mateo Otzacatipan', 50220),
(5851, 'San Mateo Oxtotitlán', 50100),
(5852, 'San Miguel Apinahuizco', 50040),
(5853, 'San Miguel Totoltepec', 50225),
(5854, 'San Miguel Zacango', 50265),
(5855, 'San Nicolás Tolentino', 50230),
(5856, 'San Pablo', 50264),
(5857, 'San Pablo', 50273),
(5858, 'San Pablo Autopan', 50290),
(5859, 'San Pedro', 50265),
(5860, 'San Pedro Totoltepec', 50226),
(5861, 'San Rafael', 50019),
(5862, 'San Salvador', 50200),
(5863, 'San Sebastián', 50150),
(5864, 'Santa Ana Tlapaltitlán', 50160),
(5865, 'Santa Bárbara', 50050),
(5866, 'Santa Clara', 50090),
(5867, 'Santa Cruz Atzacapotzaltongo', 50290),
(5868, 'Santa Cruz Otzacatipán', 50210),
(5869, 'Santa Juanita', 50250),
(5870, 'Santa María', 50255),
(5871, 'Santa María de las Rosas', 50140),
(5872, 'Santa María Totoltepec', 50245),
(5873, 'Santa María Zozoquilpan', 50168),
(5874, 'Santa Rosa', 50200),
(5875, 'Santiago Miltepec', 50020),
(5876, 'Santiago Tlacotepec', 50255),
(5877, 'Santiago Tlacotepec Centro', 50255),
(5878, 'Santiago Tlaxomulco Centro', 50280),
(5879, 'Santísima Trinidad', 50263),
(5880, 'Sebastián Lerdo de Tejada', 50295),
(5881, 'Sector Popular', 50040),
(5882, 'Sixto Noguez', 50265),
(5883, 'Sor Juana Inés de la Cruz', 50245),
(5884, 'Sor Juana Inés de la Cruz', 50040),
(5885, 'Sor Juana Inés de la Cruz', 50265),
(5886, 'Tanamato', 50290),
(5887, 'Tecaxic', 50270),
(5888, 'Tejocote', 50290),
(5889, 'Tenojo', 50284),
(5890, 'Tepetongo', 50270),
(5891, 'Terminal', 50140),
(5892, 'Tierra Coloradas', 50265),
(5893, 'Tilapa', 50258),
(5894, 'Tlachaloya', 50294),
(5895, 'Tlachaloya', 50295),
(5896, 'Tlachaloya 2a Sección Centro', 50295),
(5897, 'Tlacopa', 50010),
(5898, 'Tlala', 50254),
(5899, 'Tlalnepantla', 50274),
(5900, 'Tollocan', 50257),
(5901, 'Toluca', 50071),
(5902, 'Toluca (Lic. Adolfo López Mateos)', 50209),
(5903, 'Unidad Victoria', 50190),
(5904, 'Unión', 50040),
(5905, 'Universidad', 50010),
(5906, 'Universidad', 50130),
(5907, 'Valle de Santiago Residencial', 50020),
(5908, 'Valle Don Camilo', 50140),
(5909, 'Valle Verde', 50140),
(5910, 'Vértice', 50150),
(5911, 'Vicente Guerrero', 50110),
(5912, 'Villa de San Andrés', 50228),
(5913, 'Villa Hogar', 50170),
(5914, 'Villa Mane', 50210),
(5915, 'Villa Toscana', 50230),
(5916, 'Villa Tulipanes', 50220),
(5917, 'Villas de la Hacienda 1a. Sección', 50210),
(5918, 'Villas de la Hacienda 2a. Sección', 50210),
(5919, 'Villas de San Buenaventura', 50110),
(5920, 'Villas de San Mateo', 50220),
(5921, 'Villas de Santa Ana', 50160),
(5922, 'Villas de Santa Ana I', 50160),
(5923, 'Villas de Santa Ana II', 50160),
(5924, 'Villas de Santa Ana III', 50160),
(5925, 'Villas de Santa Ana IV', 50160),
(5926, 'Villas de Santa Ana V', 50160),
(5927, 'Villas de Santa Ana VI', 50160),
(5928, 'Villas de Santa Ana VII', 50160),
(5929, 'Villas de Santa Mónica', 50227),
(5930, 'Villas el Limoncito', 50170),
(5931, 'Villas Florencia', 50140),
(5932, 'Villas Fontana', 50260),
(5933, 'Villas Fontana I', 50070),
(5934, 'Villas Fontana II', 50070),
(5935, 'Villas los Ángeles', 50290),
(5936, 'Villas Santa Esther', 50260),
(5937, 'Villas Santa María (Galaxia)', 50226),
(5938, 'Villas Santín', 50214),
(5939, 'Villas Tepaltitlán', 50010),
(5940, 'Vista Hermosa', 50255),
(5941, 'Xicaltepec', 50295),
(5942, 'Zimbrones', 50285),
(5943, 'Zona Militar', 50122),
(5944, 'Zopilocalco Norte', 50050),
(5945, 'Zopilocalco Sur', 50050),
(5946, 'Centro', 52700),
(5947, 'San Miguel Almaya', 52710),
(5948, 'San Nicolás Tlazala', 52710),
(5949, 'La Cruz', 52710),
(5950, 'Lomas de San Juan', 52710),
(5951, 'Agua Blanca', 52710),
(5952, 'La Cuchillla', 52710),
(5953, 'San Juan Bautista', 52710),
(5954, 'Los Sauces', 52710),
(5955, 'Las Chinampas', 52710),
(5956, 'Guadalupe Victoria', 52713),
(5957, 'La Lagunilla', 52714),
(5958, 'Capetillo', 52714),
(5959, 'Molino de San Cayetano', 52715),
(5960, 'San Isidro', 52720),
(5961, 'La Poza', 52723),
(5962, 'Hueyutitla', 52723),
(5963, 'San Miguelito', 52730),
(5964, 'Santa María Coaxusco', 52733),
(5965, 'Bosques de Chalco I', 56600),
(5966, 'Chalco de Díaz Covarrubias Centro', 56600),
(5967, 'Granjas Chalco', 56600),
(5968, 'Industrial Chalco', 56600),
(5969, 'Villas de Chalco', 56600),
(5970, 'Portal de Chalco', 56600),
(5971, 'Paseos de Chalco', 56600),
(5972, 'Bosques de Chalco II', 56600),
(5973, 'Punto Chalco', 56600),
(5974, 'Jardines de Chalco', 56607),
(5975, 'Antorcha Valle de Chalco', 56614),
(5976, 'Los Héroes Chalco II', 56644),
(5977, 'Los Héroes Chalco III', 56644),
(5978, 'Los Héroes Chalco', 56644),
(5979, 'Campestre Santa Cruz', 56600),
(5980, 'Casco de San Juan', 56600),
(5981, 'La Bomba', 56600),
(5982, 'La Conchita', 56600),
(5983, 'San Antonio', 56600),
(5984, 'San Sebastián', 56600),
(5985, 'Los Cipreses', 56600),
(5986, 'Marco Antonio Sosa', 56600),
(5987, 'Los Volcanes', 56600),
(5988, 'San Francisco', 56600),
(5989, 'Los Volcanes 2da. Sección', 56600),
(5990, 'Las Huertas', 56600),
(5991, 'El Naranjo', 56600),
(5992, 'Gonzalo López Cid', 56600),
(5993, 'Margarita Córdoba Morán', 56600),
(5994, 'Rancho Amigo', 56600),
(6024, 'Chapultepec', 52240),
(6025, 'La Presa (Ejido de Chapultepec)', 52250),
(6026, 'San Andrés Chiautla Centro', 56030),
(6027, 'Chiautla (Colonia Guadalupe)', 56038),
(6028, 'Chiautla de Tapia', 74730),
(6029, 'San Sebastián', 56030),
(6030, 'San Juan', 56030),
(6031, 'Pueblo Nuevo', 56030),
(6032, 'San Francisco', 56030),
(6033, 'Huitznahuac', 56030),
(6034, 'Santa Catarina', 56030),
(6035, 'Santiago Chimalpa', 56033),
(6036, 'Ixquitlán', 56033),
(6037, 'San Bartolo', 56034),
(6038, 'La Concepción', 56035),
(6039, 'Ocopulco', 56035),
(6040, 'La Frontera', 56035),
(6041, 'Atenguillo', 56036),
(6042, 'Amajac', 56036),
(6043, 'Los Pirules', 56036),
(6044, 'San Alberto', 56037),
(6045, 'Nonoalco', 56037),
(6046, 'San Antonio', 56037),
(6047, 'San Andrés', 56037),
(6048, 'California', 56037),
(6049, 'Arboledas', 56037),
(6050, 'San Luis', 56037),
(6051, 'San Lucas Huitzilhuacán', 56040),
(6052, 'Tepetitlán', 56040),
(6053, 'Tlaltecahuacán', 56040),
(6054, 'Lindavista', 74730),
(6055, 'Villa de las Flores', 74730),
(6056, 'San Vicente Chicoloapan de Juárez Centro', 56370),
(6057, 'Lomas Chicoloapan', 56380),
(6058, 'Lomas de Chicoloapan III', 56383),
(6059, 'El Encino', 56373),
(6060, 'El Arenal', 56373),
(6061, 'San Antonio', 56373),
(6062, 'San Juan', 56373),
(6063, 'Los Ángeles', 56373),
(6064, 'Tejocote', 56373),
(6065, 'Santa Cecilia', 56373),
(6066, 'Bonito San Vicente', 56373),
(6067, 'Bonito El Manzano', 56373),
(6068, 'Hacienda Vista Real', 56373),
(6069, 'Presidentes', 56375),
(6070, 'El Vergel', 56375),
(6071, 'Hacienda Piedras Negras', 56375),
(6072, 'Santa Rosa', 56376),
(6073, 'Auris II', 56376),
(6074, 'Auris III', 56376),
(6075, 'Ampliación Santa Rosa', 56376),
(6076, 'San José', 56377),
(6077, 'Venustiano Carranza', 56377),
(6078, '2 de Marzo', 56377),
(6079, 'Ampliación Presidentes', 56377),
(6080, 'Auris I', 56377),
(6081, 'Tlatel', 56377),
(6082, 'México 86', 56377),
(6083, 'San Miguel', 56377),
(6084, 'Arboledas', 56377),
(6085, 'Navidad', 56377);
INSERT INTO `colonia` (`CLAVE_COLONIA`, `COLONIA_NOMBRE`, `CP`) VALUES
(6086, 'San Miguel', 56270),
(6087, 'San Diego', 56270),
(6088, 'Emiliano Zapata', 56270),
(6089, 'San Pedro', 56270),
(6090, 'Santa María', 56270),
(6091, 'San Pablito Calmimilolco', 56272),
(6092, 'Las Joyas', 56273),
(6093, 'El Araujo', 56273),
(6094, 'El Mamut', 56274),
(6095, 'San Cristóbal', 56280),
(6096, 'Santa María Chimalhuacán', 56330),
(6097, 'Santa María Chimalhuacán Ampliación Hidalgo', 56333),
(6098, 'Santa María Chimalhuacán Ampliación Carrizo', 56333),
(6099, 'Lomas de Chimalhuacán', 56337),
(6100, 'El Molino', 56334),
(6101, 'San Pablo', 56334),
(6102, 'San Pedro', 56334),
(6103, 'Artesanos', 56334),
(6104, 'Canasteros', 56334),
(6105, 'Herreros', 56334),
(6106, 'Mineros', 56334),
(6107, 'Carpinteros', 56334),
(6108, 'Fundidores', 56334),
(6109, 'Pescadores', 56334),
(6110, 'Luis Córdoba Reyes', 56334),
(6111, 'San Pablo Parte Baja', 56334),
(6112, 'San Pedro Parte Baja', 56334),
(6113, 'Tepalcate', 56334),
(6114, 'Melchor Ocampo', 56334),
(6115, 'Marco Antonio Sosa', 56334),
(6116, 'José María Luis Mora', 56335),
(6117, 'Guadalupe', 56335),
(6118, 'San Miguel', 56335),
(6119, 'Santa María Nativitas', 56335),
(6120, 'Rancho de las Nieves', 56335),
(6121, 'Acuitlapilco Primera Sección', 56335),
(6122, 'Ciudad Alegre', 56335),
(6123, 'Acuitlapilco Segunda Sección', 56335),
(6124, 'Acuitlapilco Tercera Sección', 56335),
(6125, 'Jardines de Acuitlapilco', 56335),
(6126, 'San Francisco Coacalco', 55700),
(6127, 'Bonito Coacalco', 55700),
(6128, 'Privadas Coacalco', 55700),
(6129, 'Bonito Coacalco I (La Cruz)', 55700),
(6130, 'Colonial Coacalco', 55700),
(6131, 'Marquet o Real de Coacalco', 55700),
(6132, 'COOR Coacalco', 55709),
(6133, 'Villa de las Flores 1a Sección (Unidad Coacalco)', 55710),
(6134, 'Villa de las Flores 2a Sección (Unidad Coacalco)', 55710),
(6135, 'Sección Jardín \"Las Plazas\" (Unidad Coacalco)', 55710),
(6136, 'San Francisco Coacalco (Sección Hacienda)', 55712),
(6137, 'Los Héroes Coacalco', 55712),
(6138, 'Rinconada Coacalco', 55713),
(6139, 'Residencial Plaza Coacalco', 55714),
(6140, 'Sección las Villas (Unidad Coacalco)', 55716),
(6141, 'Coacalco', 55718),
(6142, 'Joyas de Coacalco', 55718),
(6143, 'San Rafael Coacalco', 55719),
(6144, 'Parque Residencial Coacalco 1a Sección', 55720),
(6145, 'Parque Residencial Coacalco 2a Sección', 55720),
(6146, 'Parque Residencial Coacalco 3a Sección', 55720),
(6147, 'Lomas de Coacalco 1a. Sección', 55736),
(6148, 'Lomas de Coacalco 2a. Sección (Bosques)', 55736),
(6149, 'Asociación de Comerciantes de Coacalco', 55738),
(6150, 'Bonito Coacalco II (La Loma)', 55738),
(6151, 'Residencial Paraíso I', 55700),
(6152, 'Residencial Paraíso II', 55700),
(6153, 'El Vergel', 55700),
(6154, 'Residencial Sirapark', 55700),
(6155, 'Hacienda Cruztitla I', 55700),
(6156, 'Coatepec Harinas', 51700),
(6157, 'Primera de San Miguel (La Punta)', 51700),
(6158, 'Segunda de San Miguel (El Cerrito)', 51704),
(6159, 'Primera de Zacanguillo (Santo Niño Doctor)', 51705),
(6160, 'Guadalupe', 51713),
(6161, 'Cochisquila', 51714),
(6162, 'Plan de San Francisco', 51714),
(6163, 'Cuentla', 51714),
(6164, 'Primera de Analco', 51715),
(6165, 'Acuitlapilco', 51716),
(6166, 'El Potrero', 51716),
(6167, 'San José del Progreso (San José)', 51720),
(6168, 'Loma de Acuitlapilco', 51720),
(6169, 'Santo Niño', 51720),
(6170, 'San Martín el Salto', 51720),
(6171, 'Zacatones', 51720),
(6172, 'La Providencia', 51723),
(6173, 'El Telar', 51723),
(6174, 'Potrero Redondo', 51723),
(6175, 'Agua Bendita', 51723),
(6176, 'El Picacho', 51723),
(6177, 'La Conchita', 51723),
(6178, 'Las Trojes', 51723),
(6179, 'Segunda del Monte (La Presa)', 51724),
(6180, 'Primera del Monte (La Presa)', 51724),
(6181, 'Techichilco', 56680),
(6182, 'Oyotepec', 56680),
(6183, '20 de Noviembre', 56680),
(6184, 'Tlapipinca', 56680),
(6185, 'La Y (Atoyac)', 56680),
(6186, 'La Vía', 56680),
(6187, 'San Andrés Metla', 56683),
(6188, 'Atoyac', 56684),
(6189, 'Coyotepec', 54660),
(6190, 'San Vicente Coyotepec', 74910),
(6191, 'La Planada', 54665),
(6192, 'Santa Bárbara', 54665),
(6193, 'Reyes', 54665),
(6194, 'Caltenco', 54665),
(6195, 'El Gavillero (Barrio Caltenco)', 54665),
(6196, 'Cimapan', 54666),
(6197, 'Ixtapacalco', 54666),
(6198, 'San Francisco', 54666),
(6199, 'Acoacalco', 54667),
(6200, 'Chautongo', 54667),
(6201, 'Santiago', 54667),
(6202, 'La Bolsa', 54667),
(6203, 'Pueblo Nuevo', 54668),
(6204, 'San Juan', 54668),
(6205, 'Lomas de San Juan', 54668),
(6206, 'Coyotepec', 55923),
(6207, 'Nativitas Cuautempan', 74915),
(6208, 'San Mateo Zoyamazalco', 74917),
(6209, 'Cuautitlán Centro', 54800),
(6210, 'Hacienda de Cuautitlán', 54803),
(6211, 'Joyas de Cuautitlán', 54803),
(6212, 'Paseos de Cuautitlán', 54807),
(6213, 'Galaxia Cuautitlán', 54840),
(6214, 'Villas de Cuautitlán', 54857),
(6215, 'Cuautitlán Izcalli Centro Urbano', 54700),
(6216, 'Paseos de Izcalli', 54719),
(6217, 'Rinconada Cuautitlán', 54715),
(6218, 'Parque industrial Cuautitlán', 54730),
(6219, 'Elite Plaza', 54700),
(6220, 'Bellavista', 54710),
(6221, 'San José Buenavista', 54710),
(6222, 'El Rosario', 54710),
(6223, 'San José Huilango', 54710),
(6224, 'San Pablo de los Gallos', 54710),
(6225, 'Santa María Tianguistengo', 54710),
(6226, 'Lomas de los Angeles', 54710),
(6227, 'La Era', 54710),
(6228, 'Bosques de Xhala', 54712),
(6229, 'San Mateo Ixtacalco Fracción la Capilla', 54712),
(6230, 'Las Animas', 54712),
(6231, 'San Lorenzo Río Tenco', 54713),
(6232, 'San Mateo Ixtacalco', 54713),
(6233, 'Santa Bárbara', 54713),
(6234, 'El Sabino', 54713),
(6235, 'El Socorro', 54714),
(6236, 'San Sebastián Xhala', 54714),
(6237, 'Parque industrial Xhala', 54714),
(6238, 'Adolfo López Mateos', 54715),
(6239, 'Bosques de la Hacienda 1a Sección', 54715),
(6240, 'Valle de la Hacienda', 54715),
(6241, 'Ex-Hacienda San Miguel', 54715),
(6242, 'Jardines de San Miguel', 54715),
(6243, 'Cofradía de San Miguel', 54715),
(6244, 'Cofradía II', 54715),
(6245, 'Donato Guerra', 51030),
(6246, 'Donato Guerra', 34406),
(6247, 'Cabecera de Indígenas Segundo Cuartel', 51030),
(6248, 'Cabecera de Indígenas Primer Cuartel', 51030),
(6249, 'San Agustín de las Palmas', 51030),
(6250, 'San Lucas Texcaltitlán', 51034),
(6251, 'San Lucas Texcaltitlán (Sabanillas)', 51035),
(6252, 'Santiago Huitlapaltepec', 51035),
(6253, 'San Simón de la Laguna', 51040),
(6254, 'San Antonio de la Laguna', 51043),
(6255, 'San Martín Obispo', 51044),
(6256, 'San Martín Obispo (San Martín San Pedro)', 51044),
(6257, 'San Antonio Hidalgo (Ranchería de San Antonio)', 51044),
(6258, 'Puerto de la Cruz', 51044),
(6259, 'Batán Chico', 51045),
(6260, 'Batán Grande', 51045),
(6261, 'San Francisco Mihualtepec', 51046),
(6262, 'San Miguel Xooltepec', 51046),
(6263, 'San Juan Xoconusco', 51050),
(6264, 'De Arriba de San Juan Xoconusco', 51050),
(6265, 'Mesas Altas de Xoconusco', 51054),
(6266, 'Macheros', 51055),
(6267, 'Llano Redondo de Zaragoza (Llano Redondo)', 51055),
(6268, 'El Capulín', 51055),
(6269, 'La Fundición', 51055),
(6270, 'Donato Guerra', 94794),
(6271, 'Donato Bravo Izquierdo', 75980),
(6272, 'Donato Márquez Azuara', 93525),
(6273, 'Toriello Guerra', 14050),
(6274, 'Armando Guerra', 26540),
(6275, 'Ecatepec Centro', 55000),
(6276, 'Privada de Ecatepec', 55010),
(6277, 'Ecatepec 2000', 55018),
(6278, 'Plazas Ecatepec', 55020),
(6279, 'Tierra Blanca Segunda Sección (Ejido Ecatepec)', 55020),
(6280, 'Los Héroes Ecatepec Sección I', 55023),
(6281, 'Los Héroes Ecatepec Sección III', 55023),
(6282, 'Los Héroes Ecatepec Sección II', 55023),
(6283, 'Los Héroes Ecatepec Sección IV', 55023),
(6284, 'Galaxia Ecatepec', 55025),
(6285, 'Granjas Ecatepec 1a Sección', 55029),
(6286, 'Granjas Ecatepec 2a Sección', 55029),
(6287, 'Ehécatl (Paseos de Ecatepec)', 55029),
(6288, 'Colinas de Ecatepec', 55030),
(6289, 'Izcalli Ecatepec', 55030),
(6290, 'Ampliación Izcalli Ecatepec Tata Félix', 55030),
(6291, 'Jardines de Ecatepec', 55040),
(6292, 'Bosques de Ecatepec', 55050),
(6293, 'Residencial Fuentes de Ecatepec', 55050),
(6294, 'El Sol de Ecatepec', 55055),
(6295, 'Villas de Ecatepec', 55056),
(6296, 'Los Héroes Ecatepec Sección V', 55060),
(6297, 'Privadas de Ecatepec', 55060),
(6298, 'Vistas de Ecatepec (Sección B)', 55064),
(6299, 'Vistas de Ecatepec (Sección A)', 55064),
(6300, 'Colonial Ecatepec', 55070),
(6301, 'Lomas de Ecatepec', 55080),
(6302, 'Las Palmas Ecatepec', 55090),
(6303, 'Bonito Ecatepec', 55090),
(6304, 'Ecatepec 40 Casas', 55090),
(6305, 'De Santa Catarina', 56990),
(6306, 'San José', 56990),
(6307, 'San Martín', 56990),
(6308, 'Xolaltenco', 56990),
(6309, 'Santa Catarina', 56990),
(6310, 'Santa Gertrudis', 56990),
(6311, 'San Marcos Tecomaxusco', 56993),
(6312, 'Tepicila', 56993),
(6313, 'Oxpanco', 56993),
(6314, 'San Juan Tlacotompa (Tlacotompa)', 56996),
(6315, 'Huexotitla', 56996),
(6316, 'Ixtactepectípac (Rancho Ixtactepectípac)', 56996),
(6317, 'Nexapa', 56999),
(6318, 'Santa María del Oro Centro', 35690),
(6319, 'Magistral del Oro (Magistral)', 35680),
(6320, 'El Calvario', 35693),
(6321, 'Ojo de Agua', 35693),
(6322, 'Tierra Blanca', 35693),
(6323, 'San Rafael', 35693),
(6324, 'Cerro de La Merced', 35694),
(6325, 'Alameda', 35695),
(6326, 'El Mirador', 35695),
(6327, 'Alamito', 35695),
(6328, 'FENOC', 35695),
(6329, 'Jalisco', 35696),
(6330, 'Buenavista', 35696),
(6331, 'Villa Jardín', 35697),
(6332, 'El Dorado', 35697),
(6333, 'Puerto Pinto', 35697),
(6334, 'Magisterial', 35697),
(6335, 'Del Llano', 35697),
(6336, 'La Ermita', 35697),
(6337, 'La Compuerta', 35698),
(6338, 'El Oro de Hidalgo', 50600),
(6339, 'San Nicolás el Oro (Agua Escondida)', 50613),
(6340, 'San Nicolás el Oro (San Nicolás)', 50626),
(6341, '16 de Septiembre', 56350),
(6342, '17 de Marzo', 56343),
(6343, 'Alfareros', 56363),
(6344, 'Balcones de San Agustin', 56343),
(6345, 'Canteros', 56356),
(6346, 'Cesteros', 56366),
(6347, 'Cerro de las Palomas', 56340),
(6348, 'Curtidores', 56366),
(6349, 'Ejidos de Chimalhuacan', 56336),
(6350, 'Ebanistas', 56363),
(6351, 'Fraccion la Mohonera', 56355),
(6352, 'Fraccion las Islas', 56354),
(6353, 'Filiberto Gomez', 56346),
(6354, 'Fraccion Santa Elena', 56364),
(6355, 'Hojalateros', 56366),
(6356, 'Israel', 56343),
(6357, 'Jardines de San Agustin 1a Secc', 56343),
(6358, 'Jugueteros', 56356),
(6359, 'La Rosita', 56363),
(6360, 'Labradores', 56366),
(6361, 'Los Olivos', 56343),
(6362, 'Maravillas', 56343),
(6363, 'Miramar', 56343),
(6364, 'Nueva Santacruz', 56356),
(6365, 'Nueva Guadalupe', 56356),
(6366, 'Orfebres', 56353),
(6367, 'Plateros', 56356),
(6368, 'Progreso de Oriente', 56346),
(6369, 'San Agustin Atlapulco 1a Secc', 56344),
(6370, 'San Agustin', 56343),
(6371, 'San Agustin Atlapulco', 56343),
(6372, 'San Agustin Atlapulco 2a Secc', 56344),
(6373, 'San Jose Buenavista', 56343),
(6374, 'San Lorenzo', 56340),
(6375, 'San Lorenzo Parte Alta Ampliacion', 56340),
(6376, 'San Lorenzo', 56346),
(6377, 'San Lorenzo', 56340),
(6378, 'San Lorenzo Chimalco', 56340),
(6379, 'San Lorenzo Chimalco 2a Secc', 56340),
(6380, 'Santa Cecilia Xochiaca', 56350),
(6381, 'Sancho Ganadero', 56343),
(6382, 'Saraperos', 56353),
(6383, 'Santa Maria Chimalhuacan', 56336),
(6384, 'Talabarteros', 56356),
(6385, 'Talladores', 56366),
(6386, 'Tequesquinahuac', 56343),
(6387, 'Sutuar Oriente', 56343),
(6388, 'Tejedores', 56356),
(6389, 'Tierra Santa', 56343),
(6390, 'Tlatel Xochitenco', 56366),
(6391, 'Tlatelco', 56353),
(6392, 'Transportistas', 56363),
(6393, 'Tlatel San Juan', 56365),
(6394, 'Villa Xochitenco 2a Secc', 56360),
(6395, 'Vidrieros', 56356),
(6396, 'Villa San Agustin Atlapulco', 56343),
(6397, 'Villa Xochitenco 1a Secc', 56360),
(6398, 'Xaltipac', 56346),
(6399, 'Xochitenco 3a Secc', 56350),
(6400, 'Xochiaca 2a Secc', 56350),
(6401, 'Xochiaca Parte Alta', 56350),
(6402, 'Xochiaca 1a Secc', 56350),
(6403, 'Xochiaca', 56350);

-- --------------------------------------------------------

--
-- Estructura de tabla para la tabla `covid19mexico`
--

CREATE TABLE `covid19mexico` (
  `IDENTIFICADOR_PAC` int(11) NOT NULL,
  `CURP` varchar(20) NOT NULL,
  `NOMBRE_PAC` varchar(40) NOT NULL,
  `APELLIDOP` varchar(30) NOT NULL,
  `APELLIDOM` varchar(30) NOT NULL,
  `EDAD_PAC` int(2) NOT NULL,
  `SEXO_PAC` varchar(15) CHARACTER SET utf8mb4 COLLATE utf8mb4_0900_ai_ci NOT NULL,
  `FECHA_NAC` int(4) NOT NULL,
  `NUM_HIJOS` int(2) DEFAULT NULL,
  `ESTADO_CIV` varchar(15) DEFAULT NULL,
  `ESCOLARIDAD` varchar(40) DEFAULT NULL,
  `HR_TRABAJO` varchar(15) CHARACTER SET utf8mb4 COLLATE utf8mb4_0900_ai_ci DEFAULT NULL,
  `OCUPACION` varchar(40) DEFAULT NULL,
  `RELIGION` varchar(40) DEFAULT NULL,
  `TEL_CAS` bigint(20) NOT NULL,
  `TEL_MOV` varchar(20) NOT NULL,
  `CORREO` varchar(100) CHARACTER SET utf8mb4 COLLATE utf8mb4_0900_ai_ci DEFAULT NULL
) ENGINE=InnoDB DEFAULT CHARSET=utf8mb4 COLLATE=utf8mb4_0900_ai_ci;

--
-- Volcado de datos para la tabla `covid19mexico`
--

INSERT INTO `covid19mexico` (`IDENTIFICADOR_PAC`, `CURP`, `NOMBRE_PAC`, `APELLIDOP`, `APELLIDOM`, `EDAD_PAC`, `SEXO_PAC`, `FECHA_NAC`, `NUM_HIJOS`, `ESTADO_CIV`, `ESCOLARIDAD`, `HR_TRABAJO`, `OCUPACION`, `RELIGION`, `TEL_CAS`, `TEL_MOV`, `CORREO`) VALUES
(214, 'COSJ711209HMNRCM09', 'JUAN', 'CORREA', 'SANCHEZ', 49, 'MASCULINO', 1971, 4, 'CASADO (A)', 'SECUNDARIA', '10 HORAS', 'OBRERO', 'CATOLICO', 26452124, '5521325465', 'juancorreasanchez@gmail.com'),
(215, 'CODJ991209HMNRMN09', 'JUAN', 'CORREA', 'DOMINGUEZ', 20, 'MASCULINO', 1999, 0, 'SOLTERO (A)', 'TECNICO SUPERIOR', 'NINGUNA', 'ESTUDIANTE', 'CATOLICO', 26452124, '5527398282', 'juancorreadominguez99@gmail.com'),
(216, 'NEAL991214MMCQLR05', 'LORENA JAQUELINE', 'NEQUIZ', 'ALFARO', 20, 'FEMENINO', 1999, 0, 'SOLTERO (A)', 'TECNICO SUPERIOR', 'NINGUNA', 'ESTUDIANTE', 'CATOLICA', 58512310, '5618298362', 'nqlorena@gmail.com'),
(217, 'DOLJ690808MPBLLJ09', 'JOVITA', 'DOMINGUEZ', 'LOPEZ', 50, 'FEMENINO', 1969, 4, 'CASADO (A)', 'PRIMARIA', 'NINGUNA', 'AMA DE CASA', 'CATOLICA', 26452124, '5628291873', 'jovita@gmail.com'),
(218, 'CODB921212MNHEMS12', 'BELEM', 'CORREA', 'DOMINGUEZ', 28, 'FEMENINO', 1992, 1, 'CASADO (A)', 'SECUNDARIA', '3 HORAS', 'COMERCIANTE', 'CRISTIANA', 23232323, '5633343543', 'belem@gmail.com'),
(224, 'MIGS990426HMCLRN08', 'SANTIAGO', 'MILIAN', 'GUERRA', 21, 'MASCULINO', 1999, 0, 'SOLTERO (A)', 'TECNICO SUPERIOR', 'NINGUNA', 'ESTUDIANTE', 'CATOLICO', 32443434, '5522323231', 'santiago@gmail.com'),
(225, 'GOJM901221HJSAPS09', 'MANUEL', 'GONZALEZ', 'JIMENEZ', 30, 'MASCULINO', 1990, 2, 'CASADO (A)', 'PREPARATORIA', '8 HORAS', 'OBRERO', 'CATOLICO', 32452221, '5532123244', 'manuel@gmail.com'),
(226, 'EADV990419HDFSMC06', 'VICENTE', 'ESTRADA', 'DOMINGUEZ', 21, 'MASCULINO', 1999, 0, 'SOLTERO (A)', 'TECNICO SUPERIOR', '6 HORAS', 'ESTUDIANTE', 'CATOLICO', 33434343, '5532323232', 'vicente@gmail.com'),
(227, 'HEGA990105MPLSJS05', 'ARMANDO', 'HERNANDEZ', 'GUERRERO', 20, 'MASCULINO', 1999, 0, 'SOLTERO (A)', 'TECNICO SUPERIOR', 'NINGUNA', 'ESTUDIANTE', 'CATOLICO', 23345454, '5532332324', 'armando@gmail.com'),
(228, 'OGCA991126HMNRMN21', 'ADRIAN', 'OLGUIN', 'CASTELLANOS', 20, 'MASCULINO', 1999, 0, 'SOLTERO (A)', 'BACHILLERARO', 'NINGUNA', 'ESTUDIANTE', 'CRISTIANO', 23234454, '5523232357', 'adrianolguin@gmail.com'),
(229, 'DOCM991212HMNWSW12', 'MIGUEL', 'DOMINGUEZ', 'CARMONA', 20, 'MASCULINO', 1999, 0, 'SOLTERO (A)', 'TECNICO SUPERIOR', 'NINGUNA', 'ESTUDIANTE', 'CRISTIANO', 23421212, '5533122767', 'migue@gmail.com');

-- --------------------------------------------------------

--
-- Estructura de tabla para la tabla `direccion_paciente`
--

CREATE TABLE `direccion_paciente` (
  `CLAVE_DIRECCION` int(11) NOT NULL,
  `CALLE` varchar(50) NOT NULL,
  `NUMERO_EXTERIOR` varchar(10) NOT NULL,
  `CLAVE_MUNICIPIO` int(4) DEFAULT NULL,
  `CP` int(6) DEFAULT NULL,
  `CLAVE_COLONIA` int(11) DEFAULT NULL,
  `IDENTIFICADOR_PAC` int(11) DEFAULT NULL
) ENGINE=InnoDB DEFAULT CHARSET=utf8mb4 COLLATE=utf8mb4_0900_ai_ci;

--
-- Volcado de datos para la tabla `direccion_paciente`
--

INSERT INTO `direccion_paciente` (`CLAVE_DIRECCION`, `CALLE`, `NUMERO_EXTERIOR`, `CLAVE_MUNICIPIO`, `CP`, `CLAVE_COLONIA`, `IDENTIFICADOR_PAC`) VALUES
(11, 'PT 16', 'MZ 9', 122, 56613, 5, 214),
(12, 'PT16', 'MZ9', 122, 56613, 5, 215),
(13, 'CALLE GILGEROS', '38', 31, 56334, 2205, 216),
(14, 'PT 16', 'MZ 9', 122, 56613, 5, 217),
(15, '22', '23', 50, 56860, 3533, 218),
(21, 'CALLE ROMERO', '23', 58, 57000, 1645, 224),
(22, 'CALLE SALINAS', '543', 60, 54405, 1745, 225),
(23, 'AVENIDA TEPOZAN', '344', 58, 57820, 1685, 226),
(24, 'MANUEL ACUÑA', '5', 31, 56335, 6117, 227),
(25, 'CALLE 122', '912', 57, 53799, 1340, 228),
(26, 'CALLE JILGUEROS', '40', 31, 56340, 6374, 229);

-- --------------------------------------------------------

--
-- Estructura de tabla para la tabla `entidad`
--

CREATE TABLE `entidad` (
  `CLAVE_ENTIDAD` int(11) NOT NULL,
  `ENTIDAD_FEDERATIVA` varchar(50) CHARACTER SET utf8mb4 COLLATE utf8mb4_0900_ai_ci NOT NULL,
  `ABREVIATURA` varchar(4) NOT NULL
) ENGINE=InnoDB DEFAULT CHARSET=utf8mb4 COLLATE=utf8mb4_0900_ai_ci;

--
-- Volcado de datos para la tabla `entidad`
--

INSERT INTO `entidad` (`CLAVE_ENTIDAD`, `ENTIDAD_FEDERATIVA`, `ABREVIATURA`) VALUES
(1, 'AGUASCALIENTES', 'AS'),
(2, 'BAJA CALIFORNIA', 'BC'),
(3, 'BAJA CALIFORNIA SUR', 'BS'),
(4, 'CAMPECHE', 'CC'),
(5, 'COAHUILA DE ZARAGOZA', 'CL'),
(6, 'COLIMA', 'CM'),
(7, 'CHIAPAS', 'CS'),
(8, 'CHIHUAHUA', 'CH'),
(9, 'CIUDAD DE MÉXICO', 'DF'),
(10, 'DURANGO', 'DG'),
(11, 'GUANAJUATO', 'GT'),
(12, 'GUERRERO', 'GR'),
(13, 'HIDALGO', 'HG'),
(14, 'JALISCO', 'JC'),
(15, 'MÉXICO', 'MC'),
(16, 'MICHOACÁN DE OCAMPO', 'MN'),
(17, 'MORELOS', 'MS'),
(18, 'NAYARIT', 'NT'),
(19, 'NUEVO LEÓN', 'NL'),
(20, 'OAXACA', 'OC'),
(21, 'PUEBLA', 'PL'),
(22, 'QUERÉTARO', 'QT'),
(23, 'QUINTANA ROO', 'QR'),
(24, 'SAN LUIS POTOSÍ', 'SP'),
(25, 'SINALOA', 'SL'),
(26, 'SONORA', 'SR'),
(27, 'TABASCO', 'TC'),
(28, 'TAMAULIPAS', 'TS'),
(29, 'TLAXCALA', 'TL'),
(30, 'VERACRUZ DE IGNACIO DE LA LLAVE', 'VZ'),
(31, 'YUCATÁN', 'YN'),
(32, 'ZACATECAS', 'ZS'),
(36, 'ESTADOS UNIDOS MEXICANOS', 'EUM'),
(97, 'NO APLICA', 'NA'),
(98, 'SE IGNORA', 'SI'),
(99, 'NO ESPECIFICADO', 'NE');

-- --------------------------------------------------------

--
-- Estructura de tabla para la tabla `municipios`
--

CREATE TABLE `municipios` (
  `CLAVE_MUNICIPIO` int(4) NOT NULL,
  `MUNICIPIO` varchar(50) NOT NULL,
  `CLAVE_ENTIDAD` int(11) DEFAULT NULL
) ENGINE=InnoDB DEFAULT CHARSET=utf8mb4 COLLATE=utf8mb4_0900_ai_ci;

--
-- Volcado de datos para la tabla `municipios`
--

INSERT INTO `municipios` (`CLAVE_MUNICIPIO`, `MUNICIPIO`, `CLAVE_ENTIDAD`) VALUES
(1, 'ACAMBAY DE RUÍZ CASTAÑEDA', 15),
(2, 'ACOLMAN', 15),
(3, 'ACULCO', 15),
(4, 'ALMOLOYA DE ALQUISIRAS', 15),
(5, 'ALMOLOYA DE JUÁREZ', 15),
(6, 'ALMOLOYA DEL RÍO', 15),
(7, 'AMANALCO', 15),
(8, 'AMATEPEC', 15),
(9, 'AMECAMECA', 15),
(10, 'APAXCO', 15),
(11, 'ATENCO', 15),
(12, 'ATIZAPÁN', 15),
(13, 'ATIZAPÁN DE ZARAGOZA', 15),
(14, 'ATLACOMULCO', 15),
(15, 'ATLAUTLA', 15),
(16, 'AXAPUSCO', 15),
(17, 'AYAPANGO', 15),
(18, 'CALIMAYA', 15),
(19, 'CAPULHUAC', 15),
(20, 'COACALCO DE BERRIOZÁBAL', 15),
(21, 'COATEPEC HARINAS', 15),
(22, 'COCOTITLÁN', 15),
(23, 'COYOTEPEC', 15),
(24, 'CUAUTITLÁN', 15),
(25, 'CHALCO', 15),
(26, 'CHAPA DE MOTA', 15),
(27, 'CHAPULTEPEC', 15),
(28, 'CHIAUTLA', 15),
(29, 'CHICOLOAPAN', 15),
(30, 'CHICONCUAC', 15),
(31, 'CHIMALHUACÁN', 15),
(32, 'DONATO GUERRA', 15),
(33, 'ECATEPEC DE MORELOS', 15),
(34, 'ECATZINGO', 15),
(35, 'HUEHUETOCA', 15),
(36, 'HUEYPOXTLA', 15),
(37, 'HUIXQUILUCAN', 15),
(38, 'ISIDRO FABELA', 15),
(39, 'IXTAPALUCA', 15),
(40, 'IXTAPAN DE LA SAL', 15),
(41, 'IXTAPAN DEL ORO', 15),
(42, 'IXTLAHUACA', 15),
(43, 'XALATLACO', 15),
(44, 'JALTENCO', 15),
(45, 'JILOTEPEC', 15),
(46, 'JILOTZINGO', 15),
(47, 'JIQUIPILCO', 15),
(48, 'JOCOTITLÁN', 15),
(49, 'JOQUICINGO', 15),
(50, 'JUCHITEPEC', 15),
(51, 'LERMA', 15),
(52, 'MALINALCO', 15),
(53, 'MELCHOR OCAMPO', 15),
(54, 'METEPEC', 15),
(55, 'MEXICALTZINGO', 15),
(56, 'MORELOS', 15),
(57, 'NAUCALPAN DE JUÁREZ', 15),
(58, 'NEZAHUALCÓYOTL', 15),
(59, 'NEXTLALPAN', 15),
(60, 'NICOLÁS ROMERO', 15),
(61, 'NOPALTEPEC', 15),
(62, 'OCOYOACAC', 15),
(63, 'OCUILAN', 15),
(64, 'EL ORO', 15),
(65, 'OTUMBA', 15),
(66, 'OTZOLOAPAN', 15),
(67, 'OTZOLOTEPEC', 15),
(68, 'OZUMBA', 15),
(69, 'PAPALOTLA', 15),
(70, 'LA PAZ', 15),
(71, 'POLOTITLÁN', 15),
(72, 'RAYÓN', 15),
(73, 'SAN ANTONIO LA ISLA', 15),
(74, 'SAN FELIPE DEL PROGRESO', 15),
(75, 'SAN MARTÍN DE LAS PIRÁMIDES', 15),
(76, 'SAN MATEO ATENCO', 15),
(77, 'SAN SIMÓN DE GUERRERO', 15),
(78, 'SANTO TOMÁS', 15),
(79, 'SOYANIQUILPAN DE JUÁREZ', 15),
(80, 'SULTEPEC', 15),
(81, 'TECÁMAC', 15),
(82, 'TEJUPILCO', 15),
(83, 'TEMAMATLA', 15),
(84, 'TEMASCALAPA', 15),
(85, 'TEMASCALCINGO', 15),
(86, 'TEMASCALTEPEC', 15),
(87, 'TEMOAYA', 15),
(88, 'TENANCINGO', 15),
(89, 'TENANGO DEL AIRE', 15),
(90, 'TENANGO DEL VALLE', 15),
(91, 'TEOLOYUCAN', 15),
(92, 'TEOTIHUACÁN', 15),
(93, 'TEPETLAOXTOC', 15),
(94, 'TEPETLIXPA', 15),
(95, 'TEPOTZOTLÁN', 15),
(96, 'TEQUIXQUIAC', 15),
(97, 'TEXCALTITLÁN', 15),
(98, 'TEXCALYACAC', 15),
(99, 'TEXCOCO', 15),
(100, 'TEZOYUCA', 15),
(101, 'TIANGUISTENCO', 15),
(102, 'TIMILPAN', 15),
(103, 'TLALMANALCO', 15),
(104, 'TLALNEPANTLA DE BAZ', 15),
(105, 'TLATLAYA', 15),
(106, 'TOLUCA', 15),
(107, 'TONATICO', 15),
(108, 'TULTEPEC', 15),
(109, 'TULTITLÁN', 15),
(110, 'VALLE DE BRAVO', 15),
(111, 'VILLA DE ALLENDE', 15),
(112, 'VILLA DEL CARBÓN', 15),
(113, 'VILLA GUERRERO', 15),
(114, 'VILLA VICTORIA', 15),
(115, 'XONACATLÁN', 15),
(116, 'ZACAZONAPAN', 15),
(117, 'ZACUALPAN', 15),
(118, 'ZINACANTEPEC', 15),
(119, 'ZUMPAHUACÁN', 15),
(120, 'ZUMPANGO', 15),
(121, 'CUAUTITLÁN IZCALLI', 15),
(122, 'VALLE DE CHALCO SOLIDARIDAD', 15),
(123, 'LUVIANOS', 15),
(124, 'SAN JOSÉ DEL RINCÓN', 15),
(125, 'TONANITLA', 15);

--
-- Índices para tablas volcadas
--

--
-- Indices de la tabla `codigopostal`
--
ALTER TABLE `codigopostal`
  ADD PRIMARY KEY (`CP`),
  ADD KEY `CLAVE_MUNICIPIO` (`CLAVE_MUNICIPIO`);

--
-- Indices de la tabla `colonia`
--
ALTER TABLE `colonia`
  ADD PRIMARY KEY (`CLAVE_COLONIA`),
  ADD KEY `CP` (`CP`);

--
-- Indices de la tabla `covid19mexico`
--
ALTER TABLE `covid19mexico`
  ADD PRIMARY KEY (`IDENTIFICADOR_PAC`);

--
-- Indices de la tabla `direccion_paciente`
--
ALTER TABLE `direccion_paciente`
  ADD PRIMARY KEY (`CLAVE_DIRECCION`),
  ADD KEY `CLAVE_MUNICIPIO` (`CLAVE_MUNICIPIO`),
  ADD KEY `CP` (`CP`),
  ADD KEY `CLAVE_COLONIA` (`CLAVE_COLONIA`),
  ADD KEY `IDENTIFICADOR_PAC` (`IDENTIFICADOR_PAC`);

--
-- Indices de la tabla `entidad`
--
ALTER TABLE `entidad`
  ADD PRIMARY KEY (`CLAVE_ENTIDAD`);

--
-- Indices de la tabla `municipios`
--
ALTER TABLE `municipios`
  ADD PRIMARY KEY (`CLAVE_MUNICIPIO`),
  ADD KEY `CLAVE_ENTIDAD` (`CLAVE_ENTIDAD`);

--
-- AUTO_INCREMENT de las tablas volcadas
--

--
-- AUTO_INCREMENT de la tabla `colonia`
--
ALTER TABLE `colonia`
  MODIFY `CLAVE_COLONIA` int(11) NOT NULL AUTO_INCREMENT, AUTO_INCREMENT=6404;

--
-- AUTO_INCREMENT de la tabla `covid19mexico`
--
ALTER TABLE `covid19mexico`
  MODIFY `IDENTIFICADOR_PAC` int(11) NOT NULL AUTO_INCREMENT, AUTO_INCREMENT=230;

--
-- AUTO_INCREMENT de la tabla `direccion_paciente`
--
ALTER TABLE `direccion_paciente`
  MODIFY `CLAVE_DIRECCION` int(11) NOT NULL AUTO_INCREMENT, AUTO_INCREMENT=27;

--
-- AUTO_INCREMENT de la tabla `entidad`
--
ALTER TABLE `entidad`
  MODIFY `CLAVE_ENTIDAD` int(11) NOT NULL AUTO_INCREMENT, AUTO_INCREMENT=105;

--
-- Restricciones para tablas volcadas
--

--
-- Filtros para la tabla `codigopostal`
--
ALTER TABLE `codigopostal`
  ADD CONSTRAINT `codigopostal_ibfk_1` FOREIGN KEY (`CLAVE_MUNICIPIO`) REFERENCES `municipios` (`CLAVE_MUNICIPIO`);

--
-- Filtros para la tabla `colonia`
--
ALTER TABLE `colonia`
  ADD CONSTRAINT `colonia_ibfk_1` FOREIGN KEY (`CP`) REFERENCES `codigopostal` (`CP`);

--
-- Filtros para la tabla `direccion_paciente`
--
ALTER TABLE `direccion_paciente`
  ADD CONSTRAINT `direccion_paciente_ibfk_1` FOREIGN KEY (`CLAVE_MUNICIPIO`) REFERENCES `municipios` (`CLAVE_MUNICIPIO`),
  ADD CONSTRAINT `direccion_paciente_ibfk_2` FOREIGN KEY (`CP`) REFERENCES `codigopostal` (`CP`),
  ADD CONSTRAINT `direccion_paciente_ibfk_3` FOREIGN KEY (`CLAVE_COLONIA`) REFERENCES `colonia` (`CLAVE_COLONIA`),
  ADD CONSTRAINT `direccion_paciente_ibfk_4` FOREIGN KEY (`IDENTIFICADOR_PAC`) REFERENCES `covid19mexico` (`IDENTIFICADOR_PAC`);

--
-- Filtros para la tabla `municipios`
--
ALTER TABLE `municipios`
  ADD CONSTRAINT `municipios_ibfk_1` FOREIGN KEY (`CLAVE_ENTIDAD`) REFERENCES `entidad` (`CLAVE_ENTIDAD`);
COMMIT;

/*!40101 SET CHARACTER_SET_CLIENT=@OLD_CHARACTER_SET_CLIENT */;
/*!40101 SET CHARACTER_SET_RESULTS=@OLD_CHARACTER_SET_RESULTS */;
/*!40101 SET COLLATION_CONNECTION=@OLD_COLLATION_CONNECTION */;
